ISO-10303-21;
HEADER;
/* Generated by software containing ST-Developer
 * from STEP Tools, Inc. (www.steptools.com) 
 */
/* OPTION: using custom renumber hook */

FILE_DESCRIPTION(
/* description */ ('STEP AP242 Edition 2',
'CAx-IF Rec.Pracs.---Representation and Presentation of Product Manufa
cturing Information (PMI)---4.0---2014-10-13',
'CAx-IF Rec.Pracs.---3D Tessellated Geometry---0.4---2014-09-14','2;1',
'CAx-IF Rec.Pracs.---User Defined Attributes---1.5---2016-08-15'),
/* implementation_level */ '2;1');

FILE_NAME(
/* name */ 'Part Studio 1',
/* time_stamp */ '2026-09-21T15:17:19Z',
/* author */ (''),
/* organization */ (''),
/* preprocessor_version */ 'ST-DEVELOPER v20',
/* originating_system */ 'ONSHAPE BY PTC INC, 1.221',
/* authorisation */ '  ');

FILE_SCHEMA (('AP242_MANAGED_MODEL_BASED_3D_ENGINEERING_MIM_LF { 1 0 10303 442 3 1 4 }'));
ENDSEC;

DATA;
#10=SHAPE_REPRESENTATION_RELATIONSHIP('','',#383,#11);
#11=ADVANCED_BREP_SHAPE_REPRESENTATION('',(#381),#3058);
#12=(
BOUNDED_SURFACE()
B_SPLINE_SURFACE(1,2,((#1354,#1355,#1356,#1357,#1358,#1359,#1360,#1361,
#1362,#1363,#1364,#1365,#1366,#1367,#1368,#1369,#1370,#1371,#1372,#1373,
#1374,#1375,#1376,#1377,#1378,#1379,#1380,#1381,#1382,#1383,#1384,#1385,
#1386,#1387,#1388,#1389,#1390,#1391,#1392,#1393,#1394,#1395,#1396,#1397,
#1398,#1399,#1400,#1401,#1402,#1403,#1404,#1405,#1406,#1407,#1408,#1409,
#1410,#1411,#1412,#1413,#1414,#1415,#1416,#1417,#1418,#1419,#1420,#1421,
#1422,#1423,#1424,#1425,#1426,#1427,#1428,#1429,#1430,#1431,#1432,#1433,
#1434,#1435,#1436,#1437,#1438,#1439,#1440,#1441,#1442,#1443,#1444,#1445,
#1446,#1447,#1448,#1449,#1450,#1451,#1452,#1453,#1454,#1455,#1456,#1457,
#1458,#1459,#1460,#1461,#1462,#1463,#1464,#1465,#1466,#1467,#1468,#1469,
#1470,#1471,#1472,#1473,#1474,#1475,#1476,#1477,#1478,#1479,#1480,#1481,
#1482,#1483,#1484,#1485,#1486,#1487,#1488,#1489,#1490,#1491,#1492,#1493,
#1494,#1495,#1496,#1497,#1498,#1499,#1500,#1501,#1502,#1503,#1504,#1505,
#1506,#1507,#1508,#1509,#1510,#1511,#1512,#1513,#1514,#1515,#1516,#1517,
#1518,#1519,#1520,#1521,#1522,#1523,#1524,#1525,#1526,#1527,#1528,#1529,
#1530,#1531,#1532,#1533,#1534,#1535,#1536,#1537,#1538,#1539,#1540,#1541,
#1542,#1543,#1544,#1545,#1546,#1547,#1548,#1549,#1550,#1551,#1552,#1553,
#1554,#1555,#1556,#1557,#1558,#1559,#1560,#1561,#1562,#1563,#1564,#1565,
#1566,#1567,#1568,#1569,#1570,#1571,#1572,#1573,#1574,#1575,#1576,#1577,
#1578,#1579,#1580,#1581,#1582,#1583,#1584,#1585,#1586,#1587,#1588,#1589,
#1590,#1591,#1592,#1593,#1594,#1595,#1596,#1597,#1598,#1599,#1600,#1601,
#1602,#1603,#1604,#1605,#1606,#1607,#1608,#1609,#1610,#1611,#1612,#1613,
#1614,#1615,#1616,#1617,#1618,#1619,#1620,#1621,#1622,#1623,#1624,#1625,
#1626,#1627,#1628,#1629,#1630,#1631,#1632,#1633,#1634,#1635,#1636,#1637,
#1638,#1639,#1640,#1641,#1642,#1643,#1644,#1645,#1646,#1647,#1648,#1649,
#1650,#1651,#1652,#1653,#1654,#1655,#1656,#1657,#1658,#1659,#1660,#1661,
#1662,#1663,#1664,#1665,#1666,#1667,#1668,#1669,#1670,#1671,#1672,#1673,
#1674,#1675,#1676,#1677,#1678,#1679,#1680,#1681,#1682,#1683,#1684,#1685,
#1686),(#1687,#1688,#1689,#1690,#1691,#1692,#1693,#1694,#1695,#1696,#1697,
#1698,#1699,#1700,#1701,#1702,#1703,#1704,#1705,#1706,#1707,#1708,#1709,
#1710,#1711,#1712,#1713,#1714,#1715,#1716,#1717,#1718,#1719,#1720,#1721,
#1722,#1723,#1724,#1725,#1726,#1727,#1728,#1729,#1730,#1731,#1732,#1733,
#1734,#1735,#1736,#1737,#1738,#1739,#1740,#1741,#1742,#1743,#1744,#1745,
#1746,#1747,#1748,#1749,#1750,#1751,#1752,#1753,#1754,#1755,#1756,#1757,
#1758,#1759,#1760,#1761,#1762,#1763,#1764,#1765,#1766,#1767,#1768,#1769,
#1770,#1771,#1772,#1773,#1774,#1775,#1776,#1777,#1778,#1779,#1780,#1781,
#1782,#1783,#1784,#1785,#1786,#1787,#1788,#1789,#1790,#1791,#1792,#1793,
#1794,#1795,#1796,#1797,#1798,#1799,#1800,#1801,#1802,#1803,#1804,#1805,
#1806,#1807,#1808,#1809,#1810,#1811,#1812,#1813,#1814,#1815,#1816,#1817,
#1818,#1819,#1820,#1821,#1822,#1823,#1824,#1825,#1826,#1827,#1828,#1829,
#1830,#1831,#1832,#1833,#1834,#1835,#1836,#1837,#1838,#1839,#1840,#1841,
#1842,#1843,#1844,#1845,#1846,#1847,#1848,#1849,#1850,#1851,#1852,#1853,
#1854,#1855,#1856,#1857,#1858,#1859,#1860,#1861,#1862,#1863,#1864,#1865,
#1866,#1867,#1868,#1869,#1870,#1871,#1872,#1873,#1874,#1875,#1876,#1877,
#1878,#1879,#1880,#1881,#1882,#1883,#1884,#1885,#1886,#1887,#1888,#1889,
#1890,#1891,#1892,#1893,#1894,#1895,#1896,#1897,#1898,#1899,#1900,#1901,
#1902,#1903,#1904,#1905,#1906,#1907,#1908,#1909,#1910,#1911,#1912,#1913,
#1914,#1915,#1916,#1917,#1918,#1919,#1920,#1921,#1922,#1923,#1924,#1925,
#1926,#1927,#1928,#1929,#1930,#1931,#1932,#1933,#1934,#1935,#1936,#1937,
#1938,#1939,#1940,#1941,#1942,#1943,#1944,#1945,#1946,#1947,#1948,#1949,
#1950,#1951,#1952,#1953,#1954,#1955,#1956,#1957,#1958,#1959,#1960,#1961,
#1962,#1963,#1964,#1965,#1966,#1967,#1968,#1969,#1970,#1971,#1972,#1973,
#1974,#1975,#1976,#1977,#1978,#1979,#1980,#1981,#1982,#1983,#1984,#1985,
#1986,#1987,#1988,#1989,#1990,#1991,#1992,#1993,#1994,#1995,#1996,#1997,
#1998,#1999,#2000,#2001,#2002,#2003,#2004,#2005,#2006,#2007,#2008,#2009,
#2010,#2011,#2012,#2013,#2014,#2015,#2016,#2017,#2018,#2019)),
 .UNSPECIFIED.,.F.,.F.,.F.)
B_SPLINE_SURFACE_WITH_KNOTS((2,2),(3,2,2,2,2,2,2,2,2,2,2,2,2,2,2,2,2,2,
2,2,2,2,2,2,2,2,2,2,2,2,2,2,2,2,2,2,2,2,2,2,2,2,2,2,2,2,2,2,2,2,2,2,2,2,
2,2,2,2,2,2,2,2,2,2,2,2,2,2,2,2,2,2,2,2,2,2,2,2,2,2,2,2,2,2,2,2,2,2,2,2,
2,2,2,2,2,2,2,2,2,2,2,2,2,2,2,2,2,2,2,2,2,2,2,2,2,2,2,2,2,2,2,2,2,2,2,2,
2,2,2,2,2,2,2,2,2,2,2,2,2,2,2,2,2,2,2,2,2,2,2,2,2,2,2,2,2,2,2,2,2,2,2,2,
2,2,2,2,3),(0.,1.),(0.0125567085822434,0.0178571428571428,0.0238095238095238,
0.0297619047619047,0.0357142857142857,0.0416666666666667,0.0476190476190476,
0.0535714285714286,0.0595238095238095,0.0654761904761905,0.0714285714285714,
0.0773809523809524,0.0833333333333333,0.0892857142857143,0.0952380952380952,
0.101190476190476,0.107142857142857,0.113095238095238,0.119047619047619,
0.125,0.130952380952381,0.136904761904762,0.142857142857143,0.148809523809524,
0.154761904761905,0.160714285714285,0.166666666666667,0.172619047619048,
0.178571428571428,0.18452380952381,0.19047619047619,0.196428571428572,0.202380952380952,
0.208333333333334,0.214285714285714,0.220238095238095,0.226190476190476,
0.232142857142857,0.238095238095238,0.244047619047619,0.25,0.255952380952381,
0.261904761904762,0.267857142857143,0.273809523809524,0.279761904761905,
0.285714285714286,0.291666666666667,0.297619047619048,0.303571428571428,
0.309523809523809,0.31547619047619,0.321428571428572,0.327380952380952,
0.333333333333334,0.339285714285715,0.345238095238096,0.351190476190476,
0.357142857142857,0.363095238095238,0.369047619047619,0.375,0.380952380952381,
0.386904761904762,0.392857142857143,0.398809523809524,0.404761904761905,
0.410714285714286,0.416666666666667,0.422619047619048,0.428571428571428,
0.434523809523809,0.44047619047619,0.446428571428572,0.452380952380952,
0.458333333333333,0.464285714285714,0.470238095238095,0.476190476190476,
0.482142857142857,0.488095238095238,0.494047619047619,0.5,0.505952380952381,
0.511904761904762,0.517857142857143,0.523809523809524,0.529761904761905,
0.535714285714286,0.541666666666667,0.547619047619048,0.553571428571429,
0.55952380952381,0.565476190476191,0.571428571428571,0.577380952380952,
0.583333333333333,0.589285714285714,0.595238095238095,0.601190476190476,
0.607142857142857,0.613095238095238,0.619047619047619,0.625,0.630952380952381,
0.636904761904762,0.642857142857143,0.648809523809524,0.654761904761905,
0.660714285714286,0.666666666666667,0.672619047619048,0.678571428571429,
0.68452380952381,0.690476190476191,0.696428571428571,0.702380952380952,
0.708333333333333,0.714285714285714,0.720238095238095,0.726190476190476,
0.732142857142857,0.738095238095238,0.744047619047619,0.75,0.755952380952381,
0.761904761904762,0.767857142857143,0.773809523809524,0.779761904761905,
0.785714285714286,0.791666666666667,0.797619047619048,0.803571428571429,
0.80952380952381,0.815476190476191,0.821428571428571,0.827380952380952,
0.833333333333333,0.839285714285714,0.845238095238095,0.851190476190476,
0.857142857142857,0.863095238095238,0.869047619047619,0.875,0.880952380952381,
0.886904761904762,0.892857142857143,0.898809523809524,0.904761904761905,
0.910714285714286,0.916666666666667,0.922619047619048,0.928571428571429,
0.93452380952381,0.94047619047619,0.946428571428571,0.952380952380952,0.958333333333333,
0.964285714285714,0.970238095238095,0.976190476190476,0.982142857142857,
0.988095238095238,0.994047619047619,1.),.PIECEWISE_BEZIER_KNOTS.)
GEOMETRIC_REPRESENTATION_ITEM()
RATIONAL_B_SPLINE_SURFACE(((0.97386668243371,0.880699244986541,1.,0.866025403784439,
1.,0.866025403784439,1.,0.866025403784439,1.,0.866025403784439,1.,0.866025403784439,
1.,0.866025403784439,1.,0.866025403784439,1.,0.866025403784439,1.,0.866025403784439,
1.,0.866025403784439,1.,0.866025403784439,1.,0.866025403784439,1.,0.866025403784439,
1.,0.866025403784439,1.,0.866025403784439,1.,0.866025403784439,1.,0.866025403784439,
1.,0.866025403784439,1.,0.866025403784439,1.,0.866025403784439,1.,0.866025403784439,
1.,0.866025403784439,1.,0.866025403784439,1.,0.866025403784439,1.,0.866025403784439,
1.,0.866025403784439,1.,0.866025403784439,1.,0.866025403784439,1.,0.866025403784439,
1.,0.866025403784439,1.,0.866025403784439,1.,0.866025403784439,1.,0.866025403784439,
1.,0.866025403784439,1.,0.866025403784439,1.,0.866025403784439,1.,0.866025403784439,
1.,0.866025403784439,1.,0.866025403784439,1.,0.866025403784439,1.,0.866025403784439,
1.,0.866025403784439,1.,0.866025403784439,1.,0.866025403784439,1.,0.866025403784439,
1.,0.866025403784439,1.,0.866025403784439,1.,0.866025403784439,1.,0.866025403784439,
1.,0.866025403784439,1.,0.866025403784439,1.,0.866025403784439,1.,0.866025403784439,
1.,0.866025403784439,1.,0.866025403784439,1.,0.866025403784439,1.,0.866025403784439,
1.,0.866025403784439,1.,0.866025403784439,1.,0.866025403784439,1.,0.866025403784439,
1.,0.866025403784439,1.,0.866025403784439,1.,0.866025403784439,1.,0.866025403784439,
1.,0.866025403784439,1.,0.866025403784439,1.,0.866025403784439,1.,0.866025403784439,
1.,0.866025403784439,1.,0.866025403784439,1.,0.866025403784439,1.,0.866025403784439,
1.,0.866025403784439,1.,0.866025403784439,1.,0.866025403784439,1.,0.866025403784439,
1.,0.866025403784439,1.,0.866025403784439,1.,0.866025403784439,1.,0.866025403784439,
1.,0.866025403784439,1.,0.866025403784439,1.,0.866025403784439,1.,0.866025403784439,
1.,0.866025403784439,1.,0.866025403784439,1.,0.866025403784439,1.,0.866025403784439,
1.,0.866025403784439,1.,0.866025403784439,1.,0.866025403784439,1.,0.866025403784439,
1.,0.866025403784439,1.,0.866025403784439,1.,0.866025403784439,1.,0.866025403784439,
1.,0.866025403784439,1.,0.866025403784439,1.,0.866025403784439,1.,0.866025403784439,
1.,0.866025403784439,1.,0.866025403784439,1.,0.866025403784439,1.,0.866025403784439,
1.,0.866025403784439,1.,0.866025403784439,1.,0.866025403784439,1.,0.866025403784439,
1.,0.866025403784439,1.,0.866025403784439,1.,0.866025403784439,1.,0.866025403784439,
1.,0.866025403784439,1.,0.866025403784439,1.,0.866025403784439,1.,0.866025403784439,
1.,0.866025403784439,1.,0.866025403784439,1.,0.866025403784439,1.,0.866025403784439,
1.,0.866025403784439,1.,0.866025403784439,1.,0.866025403784439,1.,0.866025403784439,
1.,0.866025403784439,1.,0.866025403784439,1.,0.866025403784439,1.,0.866025403784439,
1.,0.866025403784439,1.,0.866025403784439,1.,0.866025403784439,1.,0.866025403784439,
1.,0.866025403784439,1.,0.866025403784439,1.,0.866025403784439,1.,0.866025403784439,
1.,0.866025403784439,1.,0.866025403784439,1.,0.866025403784439,1.,0.866025403784439,
1.,0.866025403784439,1.,0.866025403784439,1.,0.866025403784439,1.,0.866025403784439,
1.,0.866025403784439,1.,0.866025403784439,1.,0.866025403784439,1.,0.866025403784439,
1.,0.866025403784439,1.,0.866025403784439,1.,0.866025403784439,1.,0.866025403784439,
1.,0.866025403784439,1.,0.866025403784439,1.,0.866025403784439,1.,0.866025403784439,
1.,0.866025403784439,1.,0.866025403784439,1.,0.866025403784439,1.,0.866025403784439,
1.,0.866025403784439,1.,0.866025403784439,1.,0.866025403784439,1.,0.866025403784439,
1.),(0.97386668243371,0.880699244986541,1.,0.866025403784439,1.,0.866025403784439,
1.,0.866025403784439,1.,0.866025403784439,1.,0.866025403784439,1.,0.866025403784439,
1.,0.866025403784439,1.,0.866025403784439,1.,0.866025403784439,1.,0.866025403784439,
1.,0.866025403784439,1.,0.866025403784439,1.,0.866025403784439,1.,0.866025403784439,
1.,0.866025403784439,1.,0.866025403784439,1.,0.866025403784439,1.,0.866025403784439,
1.,0.866025403784439,1.,0.866025403784439,1.,0.866025403784439,1.,0.866025403784439,
1.,0.866025403784439,1.,0.866025403784439,1.,0.866025403784439,1.,0.866025403784439,
1.,0.866025403784439,1.,0.866025403784439,1.,0.866025403784439,1.,0.866025403784439,
1.,0.866025403784439,1.,0.866025403784439,1.,0.866025403784439,1.,0.866025403784439,
1.,0.866025403784439,1.,0.866025403784439,1.,0.866025403784439,1.,0.866025403784439,
1.,0.866025403784439,1.,0.866025403784439,1.,0.866025403784439,1.,0.866025403784439,
1.,0.866025403784439,1.,0.866025403784439,1.,0.866025403784439,1.,0.866025403784439,
1.,0.866025403784439,1.,0.866025403784439,1.,0.866025403784439,1.,0.866025403784439,
1.,0.866025403784439,1.,0.866025403784439,1.,0.866025403784439,1.,0.866025403784439,
1.,0.866025403784439,1.,0.866025403784439,1.,0.866025403784439,1.,0.866025403784439,
1.,0.866025403784439,1.,0.866025403784439,1.,0.866025403784439,1.,0.866025403784439,
1.,0.866025403784439,1.,0.866025403784439,1.,0.866025403784439,1.,0.866025403784439,
1.,0.866025403784439,1.,0.866025403784439,1.,0.866025403784439,1.,0.866025403784439,
1.,0.866025403784439,1.,0.866025403784439,1.,0.866025403784439,1.,0.866025403784439,
1.,0.866025403784439,1.,0.866025403784439,1.,0.866025403784439,1.,0.866025403784439,
1.,0.866025403784439,1.,0.866025403784439,1.,0.866025403784439,1.,0.866025403784439,
1.,0.866025403784439,1.,0.866025403784439,1.,0.866025403784439,1.,0.866025403784439,
1.,0.866025403784439,1.,0.866025403784439,1.,0.866025403784439,1.,0.866025403784439,
1.,0.866025403784439,1.,0.866025403784439,1.,0.866025403784439,1.,0.866025403784439,
1.,0.866025403784439,1.,0.866025403784439,1.,0.866025403784439,1.,0.866025403784439,
1.,0.866025403784439,1.,0.866025403784439,1.,0.866025403784439,1.,0.866025403784439,
1.,0.866025403784439,1.,0.866025403784439,1.,0.866025403784439,1.,0.866025403784439,
1.,0.866025403784439,1.,0.866025403784439,1.,0.866025403784439,1.,0.866025403784439,
1.,0.866025403784439,1.,0.866025403784439,1.,0.866025403784439,1.,0.866025403784439,
1.,0.866025403784439,1.,0.866025403784439,1.,0.866025403784439,1.,0.866025403784439,
1.,0.866025403784439,1.,0.866025403784439,1.,0.866025403784439,1.,0.866025403784439,
1.,0.866025403784439,1.,0.866025403784439,1.,0.866025403784439,1.,0.866025403784439,
1.,0.866025403784439,1.,0.866025403784439,1.,0.866025403784439,1.,0.866025403784439,
1.,0.866025403784439,1.,0.866025403784439,1.,0.866025403784439,1.,0.866025403784439,
1.,0.866025403784439,1.,0.866025403784439,1.,0.866025403784439,1.,0.866025403784439,
1.,0.866025403784439,1.,0.866025403784439,1.,0.866025403784439,1.,0.866025403784439,
1.,0.866025403784439,1.,0.866025403784439,1.,0.866025403784439,1.,0.866025403784439,
1.,0.866025403784439,1.,0.866025403784439,1.,0.866025403784439,1.,0.866025403784439,
1.,0.866025403784439,1.,0.866025403784439,1.,0.866025403784439,1.,0.866025403784439,
1.,0.866025403784439,1.,0.866025403784439,1.,0.866025403784439,1.,0.866025403784439,
1.,0.866025403784439,1.,0.866025403784439,1.,0.866025403784439,1.,0.866025403784439,
1.,0.866025403784439,1.,0.866025403784439,1.,0.866025403784439,1.)))
REPRESENTATION_ITEM('')
SURFACE()
);
#13=(
BOUNDED_SURFACE()
B_SPLINE_SURFACE(1,2,((#2378,#2379,#2380,#2381,#2382,#2383,#2384,#2385,
#2386,#2387,#2388,#2389,#2390,#2391,#2392,#2393,#2394,#2395,#2396,#2397,
#2398,#2399,#2400,#2401,#2402,#2403,#2404,#2405,#2406,#2407,#2408,#2409,
#2410,#2411,#2412,#2413,#2414,#2415,#2416,#2417,#2418,#2419,#2420,#2421,
#2422,#2423,#2424,#2425,#2426,#2427,#2428,#2429,#2430,#2431,#2432,#2433,
#2434,#2435,#2436,#2437,#2438,#2439,#2440,#2441,#2442,#2443,#2444,#2445,
#2446,#2447,#2448,#2449,#2450,#2451,#2452,#2453,#2454,#2455,#2456,#2457,
#2458,#2459,#2460,#2461,#2462,#2463,#2464,#2465,#2466,#2467,#2468,#2469,
#2470,#2471,#2472,#2473,#2474,#2475,#2476,#2477,#2478,#2479,#2480,#2481,
#2482,#2483,#2484,#2485,#2486,#2487,#2488,#2489,#2490,#2491,#2492,#2493,
#2494,#2495,#2496,#2497,#2498,#2499,#2500,#2501,#2502,#2503,#2504,#2505,
#2506,#2507,#2508,#2509,#2510,#2511,#2512,#2513,#2514,#2515,#2516,#2517,
#2518,#2519,#2520,#2521,#2522,#2523,#2524,#2525,#2526,#2527,#2528,#2529,
#2530,#2531,#2532,#2533,#2534,#2535,#2536,#2537,#2538,#2539,#2540,#2541,
#2542,#2543,#2544,#2545,#2546,#2547,#2548,#2549,#2550,#2551,#2552,#2553,
#2554,#2555,#2556,#2557,#2558,#2559,#2560,#2561,#2562,#2563,#2564,#2565,
#2566,#2567,#2568,#2569,#2570,#2571,#2572,#2573,#2574,#2575,#2576,#2577,
#2578,#2579,#2580,#2581,#2582,#2583,#2584,#2585,#2586,#2587,#2588,#2589,
#2590,#2591,#2592,#2593,#2594,#2595,#2596,#2597,#2598,#2599,#2600,#2601,
#2602,#2603,#2604,#2605,#2606,#2607,#2608,#2609,#2610,#2611,#2612,#2613,
#2614,#2615,#2616,#2617,#2618,#2619,#2620,#2621,#2622,#2623,#2624,#2625,
#2626,#2627,#2628,#2629,#2630,#2631,#2632,#2633,#2634,#2635,#2636,#2637,
#2638,#2639,#2640,#2641,#2642,#2643,#2644,#2645,#2646,#2647,#2648,#2649,
#2650,#2651,#2652,#2653,#2654,#2655,#2656,#2657,#2658,#2659,#2660,#2661,
#2662,#2663,#2664,#2665,#2666,#2667,#2668,#2669,#2670,#2671,#2672,#2673,
#2674,#2675,#2676,#2677,#2678,#2679,#2680,#2681,#2682,#2683,#2684,#2685,
#2686,#2687,#2688,#2689,#2690,#2691,#2692,#2693,#2694,#2695,#2696,#2697,
#2698,#2699,#2700,#2701,#2702,#2703,#2704,#2705,#2706,#2707,#2708,#2709,
#2710),(#2711,#2712,#2713,#2714,#2715,#2716,#2717,#2718,#2719,#2720,#2721,
#2722,#2723,#2724,#2725,#2726,#2727,#2728,#2729,#2730,#2731,#2732,#2733,
#2734,#2735,#2736,#2737,#2738,#2739,#2740,#2741,#2742,#2743,#2744,#2745,
#2746,#2747,#2748,#2749,#2750,#2751,#2752,#2753,#2754,#2755,#2756,#2757,
#2758,#2759,#2760,#2761,#2762,#2763,#2764,#2765,#2766,#2767,#2768,#2769,
#2770,#2771,#2772,#2773,#2774,#2775,#2776,#2777,#2778,#2779,#2780,#2781,
#2782,#2783,#2784,#2785,#2786,#2787,#2788,#2789,#2790,#2791,#2792,#2793,
#2794,#2795,#2796,#2797,#2798,#2799,#2800,#2801,#2802,#2803,#2804,#2805,
#2806,#2807,#2808,#2809,#2810,#2811,#2812,#2813,#2814,#2815,#2816,#2817,
#2818,#2819,#2820,#2821,#2822,#2823,#2824,#2825,#2826,#2827,#2828,#2829,
#2830,#2831,#2832,#2833,#2834,#2835,#2836,#2837,#2838,#2839,#2840,#2841,
#2842,#2843,#2844,#2845,#2846,#2847,#2848,#2849,#2850,#2851,#2852,#2853,
#2854,#2855,#2856,#2857,#2858,#2859,#2860,#2861,#2862,#2863,#2864,#2865,
#2866,#2867,#2868,#2869,#2870,#2871,#2872,#2873,#2874,#2875,#2876,#2877,
#2878,#2879,#2880,#2881,#2882,#2883,#2884,#2885,#2886,#2887,#2888,#2889,
#2890,#2891,#2892,#2893,#2894,#2895,#2896,#2897,#2898,#2899,#2900,#2901,
#2902,#2903,#2904,#2905,#2906,#2907,#2908,#2909,#2910,#2911,#2912,#2913,
#2914,#2915,#2916,#2917,#2918,#2919,#2920,#2921,#2922,#2923,#2924,#2925,
#2926,#2927,#2928,#2929,#2930,#2931,#2932,#2933,#2934,#2935,#2936,#2937,
#2938,#2939,#2940,#2941,#2942,#2943,#2944,#2945,#2946,#2947,#2948,#2949,
#2950,#2951,#2952,#2953,#2954,#2955,#2956,#2957,#2958,#2959,#2960,#2961,
#2962,#2963,#2964,#2965,#2966,#2967,#2968,#2969,#2970,#2971,#2972,#2973,
#2974,#2975,#2976,#2977,#2978,#2979,#2980,#2981,#2982,#2983,#2984,#2985,
#2986,#2987,#2988,#2989,#2990,#2991,#2992,#2993,#2994,#2995,#2996,#2997,
#2998,#2999,#3000,#3001,#3002,#3003,#3004,#3005,#3006,#3007,#3008,#3009,
#3010,#3011,#3012,#3013,#3014,#3015,#3016,#3017,#3018,#3019,#3020,#3021,
#3022,#3023,#3024,#3025,#3026,#3027,#3028,#3029,#3030,#3031,#3032,#3033,
#3034,#3035,#3036,#3037,#3038,#3039,#3040,#3041,#3042,#3043)),
 .UNSPECIFIED.,.F.,.F.,.F.)
B_SPLINE_SURFACE_WITH_KNOTS((2,2),(3,2,2,2,2,2,2,2,2,2,2,2,2,2,2,2,2,2,
2,2,2,2,2,2,2,2,2,2,2,2,2,2,2,2,2,2,2,2,2,2,2,2,2,2,2,2,2,2,2,2,2,2,2,2,
2,2,2,2,2,2,2,2,2,2,2,2,2,2,2,2,2,2,2,2,2,2,2,2,2,2,2,2,2,2,2,2,2,2,2,2,
2,2,2,2,2,2,2,2,2,2,2,2,2,2,2,2,2,2,2,2,2,2,2,2,2,2,2,2,2,2,2,2,2,2,2,2,
2,2,2,2,2,2,2,2,2,2,2,2,2,2,2,2,2,2,2,2,2,2,2,2,2,2,2,2,2,2,2,2,2,2,2,2,
2,2,2,2,3),(0.,1.),(0.0125567085822434,0.0178571428571428,0.0238095238095238,
0.0297619047619047,0.0357142857142857,0.0416666666666667,0.0476190476190476,
0.0535714285714286,0.0595238095238095,0.0654761904761905,0.0714285714285714,
0.0773809523809524,0.0833333333333333,0.0892857142857143,0.0952380952380952,
0.101190476190476,0.107142857142857,0.113095238095238,0.119047619047619,
0.125,0.130952380952381,0.136904761904762,0.142857142857143,0.148809523809524,
0.154761904761905,0.160714285714285,0.166666666666667,0.172619047619048,
0.178571428571428,0.18452380952381,0.19047619047619,0.196428571428572,0.202380952380952,
0.208333333333334,0.214285714285714,0.220238095238095,0.226190476190476,
0.232142857142857,0.238095238095238,0.244047619047619,0.25,0.255952380952381,
0.261904761904762,0.267857142857143,0.273809523809524,0.279761904761905,
0.285714285714286,0.291666666666667,0.297619047619048,0.303571428571428,
0.309523809523809,0.31547619047619,0.321428571428572,0.327380952380952,
0.333333333333334,0.339285714285715,0.345238095238096,0.351190476190476,
0.357142857142857,0.363095238095238,0.369047619047619,0.375,0.380952380952381,
0.386904761904762,0.392857142857143,0.398809523809524,0.404761904761905,
0.410714285714286,0.416666666666667,0.422619047619048,0.428571428571428,
0.434523809523809,0.44047619047619,0.446428571428572,0.452380952380952,
0.458333333333333,0.464285714285714,0.470238095238095,0.476190476190476,
0.482142857142857,0.488095238095238,0.494047619047619,0.5,0.505952380952381,
0.511904761904762,0.517857142857143,0.523809523809524,0.529761904761905,
0.535714285714286,0.541666666666667,0.547619047619048,0.553571428571429,
0.55952380952381,0.565476190476191,0.571428571428571,0.577380952380952,
0.583333333333333,0.589285714285714,0.595238095238095,0.601190476190476,
0.607142857142857,0.613095238095238,0.619047619047619,0.625,0.630952380952381,
0.636904761904762,0.642857142857143,0.648809523809524,0.654761904761905,
0.660714285714286,0.666666666666667,0.672619047619048,0.678571428571429,
0.68452380952381,0.690476190476191,0.696428571428571,0.702380952380952,
0.708333333333333,0.714285714285714,0.720238095238095,0.726190476190476,
0.732142857142857,0.738095238095238,0.744047619047619,0.75,0.755952380952381,
0.761904761904762,0.767857142857143,0.773809523809524,0.779761904761905,
0.785714285714286,0.791666666666667,0.797619047619048,0.803571428571429,
0.80952380952381,0.815476190476191,0.821428571428571,0.827380952380952,
0.833333333333333,0.839285714285714,0.845238095238095,0.851190476190476,
0.857142857142857,0.863095238095238,0.869047619047619,0.875,0.880952380952381,
0.886904761904762,0.892857142857143,0.898809523809524,0.904761904761905,
0.910714285714286,0.916666666666667,0.922619047619048,0.928571428571429,
0.93452380952381,0.94047619047619,0.946428571428571,0.952380952380952,0.958333333333333,
0.964285714285714,0.970238095238095,0.976190476190476,0.982142857142857,
0.988095238095238,0.994047619047619,1.),.PIECEWISE_BEZIER_KNOTS.)
GEOMETRIC_REPRESENTATION_ITEM()
RATIONAL_B_SPLINE_SURFACE(((0.97386668243371,0.880699244986541,1.,0.866025403784439,
1.,0.866025403784439,1.,0.866025403784439,1.,0.866025403784439,1.,0.866025403784439,
1.,0.866025403784439,1.,0.866025403784439,1.,0.866025403784439,1.,0.866025403784439,
1.,0.866025403784439,1.,0.866025403784439,1.,0.866025403784439,1.,0.866025403784439,
1.,0.866025403784439,1.,0.866025403784439,1.,0.866025403784439,1.,0.866025403784439,
1.,0.866025403784439,1.,0.866025403784439,1.,0.866025403784439,1.,0.866025403784439,
1.,0.866025403784439,1.,0.866025403784439,1.,0.866025403784439,1.,0.866025403784439,
1.,0.866025403784439,1.,0.866025403784439,1.,0.866025403784439,1.,0.866025403784439,
1.,0.866025403784439,1.,0.866025403784439,1.,0.866025403784439,1.,0.866025403784439,
1.,0.866025403784439,1.,0.866025403784439,1.,0.866025403784439,1.,0.866025403784439,
1.,0.866025403784439,1.,0.866025403784439,1.,0.866025403784439,1.,0.866025403784439,
1.,0.866025403784439,1.,0.866025403784439,1.,0.866025403784439,1.,0.866025403784439,
1.,0.866025403784439,1.,0.866025403784439,1.,0.866025403784439,1.,0.866025403784439,
1.,0.866025403784439,1.,0.866025403784439,1.,0.866025403784439,1.,0.866025403784439,
1.,0.866025403784439,1.,0.866025403784439,1.,0.866025403784439,1.,0.866025403784439,
1.,0.866025403784439,1.,0.866025403784439,1.,0.866025403784439,1.,0.866025403784439,
1.,0.866025403784439,1.,0.866025403784439,1.,0.866025403784439,1.,0.866025403784439,
1.,0.866025403784439,1.,0.866025403784439,1.,0.866025403784439,1.,0.866025403784439,
1.,0.866025403784439,1.,0.866025403784439,1.,0.866025403784439,1.,0.866025403784439,
1.,0.866025403784439,1.,0.866025403784439,1.,0.866025403784439,1.,0.866025403784439,
1.,0.866025403784439,1.,0.866025403784439,1.,0.866025403784439,1.,0.866025403784439,
1.,0.866025403784439,1.,0.866025403784439,1.,0.866025403784439,1.,0.866025403784439,
1.,0.866025403784439,1.,0.866025403784439,1.,0.866025403784439,1.,0.866025403784439,
1.,0.866025403784439,1.,0.866025403784439,1.,0.866025403784439,1.,0.866025403784439,
1.,0.866025403784439,1.,0.866025403784439,1.,0.866025403784439,1.,0.866025403784439,
1.,0.866025403784439,1.,0.866025403784439,1.,0.866025403784439,1.,0.866025403784439,
1.,0.866025403784439,1.,0.866025403784439,1.,0.866025403784439,1.,0.866025403784439,
1.,0.866025403784439,1.,0.866025403784439,1.,0.866025403784439,1.,0.866025403784439,
1.,0.866025403784439,1.,0.866025403784439,1.,0.866025403784439,1.,0.866025403784439,
1.,0.866025403784439,1.,0.866025403784439,1.,0.866025403784439,1.,0.866025403784439,
1.,0.866025403784439,1.,0.866025403784439,1.,0.866025403784439,1.,0.866025403784439,
1.,0.866025403784439,1.,0.866025403784439,1.,0.866025403784439,1.,0.866025403784439,
1.,0.866025403784439,1.,0.866025403784439,1.,0.866025403784439,1.,0.866025403784439,
1.,0.866025403784439,1.,0.866025403784439,1.,0.866025403784439,1.,0.866025403784439,
1.,0.866025403784439,1.,0.866025403784439,1.,0.866025403784439,1.,0.866025403784439,
1.,0.866025403784439,1.,0.866025403784439,1.,0.866025403784439,1.,0.866025403784439,
1.,0.866025403784439,1.,0.866025403784439,1.,0.866025403784439,1.,0.866025403784439,
1.,0.866025403784439,1.,0.866025403784439,1.,0.866025403784439,1.,0.866025403784439,
1.,0.866025403784439,1.,0.866025403784439,1.,0.866025403784439,1.,0.866025403784439,
1.,0.866025403784439,1.,0.866025403784439,1.,0.866025403784439,1.,0.866025403784439,
1.,0.866025403784439,1.,0.866025403784439,1.,0.866025403784439,1.,0.866025403784439,
1.,0.866025403784439,1.,0.866025403784439,1.,0.866025403784439,1.,0.866025403784439,
1.),(0.97386668243371,0.880699244986541,1.,0.866025403784439,1.,0.866025403784439,
1.,0.866025403784439,1.,0.866025403784439,1.,0.866025403784439,1.,0.866025403784439,
1.,0.866025403784439,1.,0.866025403784439,1.,0.866025403784439,1.,0.866025403784439,
1.,0.866025403784439,1.,0.866025403784439,1.,0.866025403784439,1.,0.866025403784439,
1.,0.866025403784439,1.,0.866025403784439,1.,0.866025403784439,1.,0.866025403784439,
1.,0.866025403784439,1.,0.866025403784439,1.,0.866025403784439,1.,0.866025403784439,
1.,0.866025403784439,1.,0.866025403784439,1.,0.866025403784439,1.,0.866025403784439,
1.,0.866025403784439,1.,0.866025403784439,1.,0.866025403784439,1.,0.866025403784439,
1.,0.866025403784439,1.,0.866025403784439,1.,0.866025403784439,1.,0.866025403784439,
1.,0.866025403784439,1.,0.866025403784439,1.,0.866025403784439,1.,0.866025403784439,
1.,0.866025403784439,1.,0.866025403784439,1.,0.866025403784439,1.,0.866025403784439,
1.,0.866025403784439,1.,0.866025403784439,1.,0.866025403784439,1.,0.866025403784439,
1.,0.866025403784439,1.,0.866025403784439,1.,0.866025403784439,1.,0.866025403784439,
1.,0.866025403784439,1.,0.866025403784439,1.,0.866025403784439,1.,0.866025403784439,
1.,0.866025403784439,1.,0.866025403784439,1.,0.866025403784439,1.,0.866025403784439,
1.,0.866025403784439,1.,0.866025403784439,1.,0.866025403784439,1.,0.866025403784439,
1.,0.866025403784439,1.,0.866025403784439,1.,0.866025403784439,1.,0.866025403784439,
1.,0.866025403784439,1.,0.866025403784439,1.,0.866025403784439,1.,0.866025403784439,
1.,0.866025403784439,1.,0.866025403784439,1.,0.866025403784439,1.,0.866025403784439,
1.,0.866025403784439,1.,0.866025403784439,1.,0.866025403784439,1.,0.866025403784439,
1.,0.866025403784439,1.,0.866025403784439,1.,0.866025403784439,1.,0.866025403784439,
1.,0.866025403784439,1.,0.866025403784439,1.,0.866025403784439,1.,0.866025403784439,
1.,0.866025403784439,1.,0.866025403784439,1.,0.866025403784439,1.,0.866025403784439,
1.,0.866025403784439,1.,0.866025403784439,1.,0.866025403784439,1.,0.866025403784439,
1.,0.866025403784439,1.,0.866025403784439,1.,0.866025403784439,1.,0.866025403784439,
1.,0.866025403784439,1.,0.866025403784439,1.,0.866025403784439,1.,0.866025403784439,
1.,0.866025403784439,1.,0.866025403784439,1.,0.866025403784439,1.,0.866025403784439,
1.,0.866025403784439,1.,0.866025403784439,1.,0.866025403784439,1.,0.866025403784439,
1.,0.866025403784439,1.,0.866025403784439,1.,0.866025403784439,1.,0.866025403784439,
1.,0.866025403784439,1.,0.866025403784439,1.,0.866025403784439,1.,0.866025403784439,
1.,0.866025403784439,1.,0.866025403784439,1.,0.866025403784439,1.,0.866025403784439,
1.,0.866025403784439,1.,0.866025403784439,1.,0.866025403784439,1.,0.866025403784439,
1.,0.866025403784439,1.,0.866025403784439,1.,0.866025403784439,1.,0.866025403784439,
1.,0.866025403784439,1.,0.866025403784439,1.,0.866025403784439,1.,0.866025403784439,
1.,0.866025403784439,1.,0.866025403784439,1.,0.866025403784439,1.,0.866025403784439,
1.,0.866025403784439,1.,0.866025403784439,1.,0.866025403784439,1.,0.866025403784439,
1.,0.866025403784439,1.,0.866025403784439,1.,0.866025403784439,1.,0.866025403784439,
1.,0.866025403784439,1.,0.866025403784439,1.,0.866025403784439,1.,0.866025403784439,
1.,0.866025403784439,1.,0.866025403784439,1.,0.866025403784439,1.,0.866025403784439,
1.,0.866025403784439,1.,0.866025403784439,1.,0.866025403784439,1.,0.866025403784439,
1.,0.866025403784439,1.,0.866025403784439,1.,0.866025403784439,1.,0.866025403784439,
1.,0.866025403784439,1.,0.866025403784439,1.,0.866025403784439,1.)))
REPRESENTATION_ITEM('')
SURFACE()
);
#14=CONICAL_SURFACE('',#394,0.00635,1.0471975511966);
#15=CONICAL_SURFACE('',#396,0.00635,1.0471975511966);
#16=CONICAL_SURFACE('',#398,0.00635,1.0471975511966);
#17=CONICAL_SURFACE('',#400,0.00635,1.0471975511966);
#18=CONICAL_SURFACE('',#402,0.00635,1.0471975511966);
#19=CONICAL_SURFACE('',#404,0.00635,1.0471975511966);
#20=CONICAL_SURFACE('',#407,0.00635,1.0471975511966);
#21=CONICAL_SURFACE('',#409,0.00635,1.0471975511966);
#22=CONICAL_SURFACE('',#411,0.00635,1.0471975511966);
#23=CONICAL_SURFACE('',#413,0.00635,1.0471975511966);
#24=CONICAL_SURFACE('',#415,0.00635,1.0471975511966);
#25=CONICAL_SURFACE('',#417,0.00635,1.0471975511966);
#26=CONICAL_SURFACE('',#421,0.00238125,0.785398163397448);
#27=B_SPLINE_CURVE_WITH_KNOTS('',3,(#1197,#1198,#1199,#1200),
 .UNSPECIFIED.,.F.,.F.,(4,4),(2.38073317620626E-7,0.00370980622349597),
 .UNSPECIFIED.);
#28=B_SPLINE_CURVE_WITH_KNOTS('',3,(#1205,#1206,#1207,#1208),
 .UNSPECIFIED.,.F.,.F.,(4,4),(0.00370980622349597,0.00740550706337017),
 .UNSPECIFIED.);
#29=B_SPLINE_CURVE_WITH_KNOTS('',3,(#1210,#1211,#1212,#1213),
 .UNSPECIFIED.,.F.,.F.,(4,4),(2.3807331761858E-7,0.00370980622349597),
 .UNSPECIFIED.);
#30=B_SPLINE_CURVE_WITH_KNOTS('',3,(#1217,#1218,#1219,#1220),
 .UNSPECIFIED.,.F.,.F.,(4,4),(0.00370980622349597,0.00740550706337057),
 .UNSPECIFIED.);
#31=B_SPLINE_CURVE_WITH_KNOTS('',3,(#1222,#1223,#1224,#1225),
 .UNSPECIFIED.,.F.,.F.,(4,4),(0.00821586330953272,0.0119446367831216),
 .UNSPECIFIED.);
#32=B_SPLINE_CURVE_WITH_KNOTS('',3,(#1230,#1231,#1232,#1233),
 .UNSPECIFIED.,.F.,.F.,(4,4),(0.0119446367831216,0.0156750190955288),
 .UNSPECIFIED.);
#33=B_SPLINE_CURVE_WITH_KNOTS('',3,(#1235,#1236,#1237,#1238),
 .UNSPECIFIED.,.F.,.F.,(4,4),(0.00821586330953272,0.0119446367831216),
 .UNSPECIFIED.);
#34=B_SPLINE_CURVE_WITH_KNOTS('',3,(#1239,#1240,#1241,#1242),
 .UNSPECIFIED.,.F.,.F.,(4,4),(0.0119446367831216,0.0156750190955288),
 .UNSPECIFIED.);
#35=B_SPLINE_CURVE_WITH_KNOTS('',3,(#1244,#1245,#1246,#1247),
 .UNSPECIFIED.,.F.,.F.,(4,4),(2.38073317620288E-7,0.00370980622349597),
 .UNSPECIFIED.);
#36=B_SPLINE_CURVE_WITH_KNOTS('',3,(#1252,#1253,#1254,#1255),
 .UNSPECIFIED.,.F.,.F.,(4,4),(0.00370980622349597,0.00740550706337057),
 .UNSPECIFIED.);
#37=B_SPLINE_CURVE_WITH_KNOTS('',3,(#1257,#1258,#1259,#1260),
 .UNSPECIFIED.,.F.,.F.,(4,4),(2.38073317620657E-7,0.00370980622349597),
 .UNSPECIFIED.);
#38=B_SPLINE_CURVE_WITH_KNOTS('',3,(#1261,#1262,#1263,#1264),
 .UNSPECIFIED.,.F.,.F.,(4,4),(0.00370980622349597,0.00740550706337017),
 .UNSPECIFIED.);
#39=B_SPLINE_CURVE_WITH_KNOTS('',3,(#1266,#1267,#1268,#1269),
 .UNSPECIFIED.,.F.,.F.,(4,4),(2.3807331796473E-7,0.00370980622349597),
 .UNSPECIFIED.);
#40=B_SPLINE_CURVE_WITH_KNOTS('',3,(#1274,#1275,#1276,#1277),
 .UNSPECIFIED.,.F.,.F.,(4,4),(0.00370980622349597,0.00740550706337017),
 .UNSPECIFIED.);
#41=B_SPLINE_CURVE_WITH_KNOTS('',3,(#1279,#1280,#1281,#1282),
 .UNSPECIFIED.,.F.,.F.,(4,4),(2.38073317620047E-7,0.00370980622349597),
 .UNSPECIFIED.);
#42=B_SPLINE_CURVE_WITH_KNOTS('',3,(#1283,#1284,#1285,#1286),
 .UNSPECIFIED.,.F.,.F.,(4,4),(0.00370980622349597,0.00740550706337057),
 .UNSPECIFIED.);
#43=B_SPLINE_CURVE_WITH_KNOTS('',3,(#1288,#1289,#1290,#1291),
 .UNSPECIFIED.,.F.,.F.,(4,4),(0.00821586330953333,0.0119446367831216),
 .UNSPECIFIED.);
#44=B_SPLINE_CURVE_WITH_KNOTS('',3,(#1296,#1297,#1298,#1299),
 .UNSPECIFIED.,.F.,.F.,(4,4),(0.0119446367831216,0.0156750190955288),
 .UNSPECIFIED.);
#45=B_SPLINE_CURVE_WITH_KNOTS('',3,(#1301,#1302,#1303,#1304),
 .UNSPECIFIED.,.F.,.F.,(4,4),(0.00821586330953272,0.0119446367831216),
 .UNSPECIFIED.);
#46=B_SPLINE_CURVE_WITH_KNOTS('',3,(#1305,#1306,#1307,#1308),
 .UNSPECIFIED.,.F.,.F.,(4,4),(0.0119446367831216,0.0156750190955293),
 .UNSPECIFIED.);
#47=B_SPLINE_CURVE_WITH_KNOTS('',3,(#1310,#1311,#1312,#1313),
 .UNSPECIFIED.,.F.,.F.,(4,4),(2.38073317620963E-7,0.00370980622349597),
 .UNSPECIFIED.);
#48=B_SPLINE_CURVE_WITH_KNOTS('',3,(#1315,#1316,#1317,#1318),
 .UNSPECIFIED.,.F.,.F.,(4,4),(0.00370980622349597,0.00740550706337057),
 .UNSPECIFIED.);
#49=B_SPLINE_CURVE_WITH_KNOTS('',3,(#1320,#1321,#1322,#1323),
 .UNSPECIFIED.,.F.,.F.,(4,4),(2.38073317617659E-7,0.00370980622349597),
 .UNSPECIFIED.);
#50=B_SPLINE_CURVE_WITH_KNOTS('',3,(#1324,#1325,#1326,#1327),
 .UNSPECIFIED.,.F.,.F.,(4,4),(0.00370980622349597,0.00740550706337058),
 .UNSPECIFIED.);
#51=B_SPLINE_CURVE_WITH_KNOTS('',3,(#2359,#2360,#2361,#2362,#2363,#2364,
#2365,#2366,#2367,#2368,#2369,#2370,#2371,#2372,#2373,#2374,#2375,#2376),
 .UNSPECIFIED.,.F.,.F.,(4,1,1,1,1,1,1,1,1,1,1,1,1,1,1,4),(0.,0.00146439772603521,
0.00292879545207043,0.00439319317810564,0.00585759090414086,0.00732198863017607,
0.00878638635621129,0.0102507840822465,0.0117151818082817,0.0131795795343169,
0.0146439772603521,0.0161083749863874,0.0175727727124226,0.0190371704384578,
0.020501568164493,0.0234303636165634),.UNSPECIFIED.);
#52=B_SPLINE_CURVE_WITH_KNOTS('',3,(#3044,#3045,#3046,#3047,#3048,#3049,
#3050),.UNSPECIFIED.,.F.,.F.,(4,1,1,1,4),(0.,0.00159917027655421,0.00319834055310841,
0.00479751082966262,0.00639668110621682),.UNSPECIFIED.);
#53=PLANE('',#388);
#54=PLANE('',#389);
#55=PLANE('',#390);
#56=PLANE('',#391);
#57=PLANE('',#392);
#58=PLANE('',#393);
#59=PLANE('',#406);
#60=PLANE('',#419);
#61=PLANE('',#420);
#62=PLANE('',#423);
#63=LINE('',#1195,#72);
#64=LINE('',#1203,#73);
#65=LINE('',#1215,#74);
#66=LINE('',#1228,#75);
#67=LINE('',#1250,#76);
#68=LINE('',#1272,#77);
#69=LINE('',#1294,#78);
#70=LINE('',#2377,#79);
#71=LINE('',#3051,#80);
#72=VECTOR('',#432,1.);
#73=VECTOR('',#435,1.);
#74=VECTOR('',#436,1.);
#75=VECTOR('',#439,1.);
#76=VECTOR('',#442,1.);
#77=VECTOR('',#445,1.);
#78=VECTOR('',#448,1.);
#79=VECTOR('',#503,1.);
#80=VECTOR('',#504,1.);
#81=CIRCLE('',#386,0.003175);
#82=CIRCLE('',#387,0.003175);
#83=CIRCLE('',#395,0.00635);
#84=CIRCLE('',#397,0.00635);
#85=CIRCLE('',#399,0.00635);
#86=CIRCLE('',#401,0.00635);
#87=CIRCLE('',#403,0.00635);
#88=CIRCLE('',#405,0.00635);
#89=CIRCLE('',#408,0.00635);
#90=CIRCLE('',#410,0.00635);
#91=CIRCLE('',#412,0.00635);
#92=CIRCLE('',#414,0.00635);
#93=CIRCLE('',#416,0.00635);
#94=CIRCLE('',#418,0.00635);
#95=CIRCLE('',#422,0.00238125);
#96=ORIENTED_EDGE('',*,*,#202,.F.);
#97=ORIENTED_EDGE('',*,*,#203,.T.);
#98=ORIENTED_EDGE('',*,*,#204,.T.);
#99=ORIENTED_EDGE('',*,*,#205,.T.);
#100=ORIENTED_EDGE('',*,*,#206,.T.);
#101=ORIENTED_EDGE('',*,*,#207,.F.);
#102=ORIENTED_EDGE('',*,*,#208,.F.);
#103=ORIENTED_EDGE('',*,*,#209,.F.);
#104=ORIENTED_EDGE('',*,*,#210,.F.);
#105=ORIENTED_EDGE('',*,*,#211,.T.);
#106=ORIENTED_EDGE('',*,*,#212,.F.);
#107=ORIENTED_EDGE('',*,*,#213,.F.);
#108=ORIENTED_EDGE('',*,*,#214,.F.);
#109=ORIENTED_EDGE('',*,*,#215,.F.);
#110=ORIENTED_EDGE('',*,*,#216,.F.);
#111=ORIENTED_EDGE('',*,*,#208,.T.);
#112=ORIENTED_EDGE('',*,*,#217,.F.);
#113=ORIENTED_EDGE('',*,*,#218,.F.);
#114=ORIENTED_EDGE('',*,*,#219,.F.);
#115=ORIENTED_EDGE('',*,*,#220,.F.);
#116=ORIENTED_EDGE('',*,*,#221,.F.);
#117=ORIENTED_EDGE('',*,*,#214,.T.);
#118=ORIENTED_EDGE('',*,*,#222,.F.);
#119=ORIENTED_EDGE('',*,*,#223,.F.);
#120=ORIENTED_EDGE('',*,*,#224,.F.);
#121=ORIENTED_EDGE('',*,*,#225,.F.);
#122=ORIENTED_EDGE('',*,*,#226,.F.);
#123=ORIENTED_EDGE('',*,*,#219,.T.);
#124=ORIENTED_EDGE('',*,*,#227,.F.);
#125=ORIENTED_EDGE('',*,*,#228,.F.);
#126=ORIENTED_EDGE('',*,*,#229,.F.);
#127=ORIENTED_EDGE('',*,*,#230,.F.);
#128=ORIENTED_EDGE('',*,*,#231,.F.);
#129=ORIENTED_EDGE('',*,*,#224,.T.);
#130=ORIENTED_EDGE('',*,*,#232,.F.);
#131=ORIENTED_EDGE('',*,*,#233,.F.);
#132=ORIENTED_EDGE('',*,*,#211,.F.);
#133=ORIENTED_EDGE('',*,*,#234,.F.);
#134=ORIENTED_EDGE('',*,*,#235,.F.);
#135=ORIENTED_EDGE('',*,*,#229,.T.);
#136=ORIENTED_EDGE('',*,*,#236,.F.);
#137=ORIENTED_EDGE('',*,*,#210,.T.);
#138=ORIENTED_EDGE('',*,*,#237,.F.);
#139=ORIENTED_EDGE('',*,*,#234,.T.);
#140=ORIENTED_EDGE('',*,*,#230,.T.);
#141=ORIENTED_EDGE('',*,*,#235,.T.);
#142=ORIENTED_EDGE('',*,*,#238,.F.);
#143=ORIENTED_EDGE('',*,*,#225,.T.);
#144=ORIENTED_EDGE('',*,*,#231,.T.);
#145=ORIENTED_EDGE('',*,*,#239,.F.);
#146=ORIENTED_EDGE('',*,*,#220,.T.);
#147=ORIENTED_EDGE('',*,*,#226,.T.);
#148=ORIENTED_EDGE('',*,*,#240,.F.);
#149=ORIENTED_EDGE('',*,*,#215,.T.);
#150=ORIENTED_EDGE('',*,*,#221,.T.);
#151=ORIENTED_EDGE('',*,*,#241,.F.);
#152=ORIENTED_EDGE('',*,*,#209,.T.);
#153=ORIENTED_EDGE('',*,*,#216,.T.);
#154=ORIENTED_EDGE('',*,*,#242,.F.);
#155=ORIENTED_EDGE('',*,*,#205,.F.);
#156=ORIENTED_EDGE('',*,*,#239,.T.);
#157=ORIENTED_EDGE('',*,*,#238,.T.);
#158=ORIENTED_EDGE('',*,*,#237,.T.);
#159=ORIENTED_EDGE('',*,*,#242,.T.);
#160=ORIENTED_EDGE('',*,*,#241,.T.);
#161=ORIENTED_EDGE('',*,*,#240,.T.);
#162=ORIENTED_EDGE('',*,*,#228,.T.);
#163=ORIENTED_EDGE('',*,*,#243,.F.);
#164=ORIENTED_EDGE('',*,*,#236,.T.);
#165=ORIENTED_EDGE('',*,*,#212,.T.);
#166=ORIENTED_EDGE('',*,*,#233,.T.);
#167=ORIENTED_EDGE('',*,*,#244,.F.);
#168=ORIENTED_EDGE('',*,*,#223,.T.);
#169=ORIENTED_EDGE('',*,*,#245,.F.);
#170=ORIENTED_EDGE('',*,*,#232,.T.);
#171=ORIENTED_EDGE('',*,*,#218,.T.);
#172=ORIENTED_EDGE('',*,*,#246,.F.);
#173=ORIENTED_EDGE('',*,*,#227,.T.);
#174=ORIENTED_EDGE('',*,*,#222,.T.);
#175=ORIENTED_EDGE('',*,*,#213,.T.);
#176=ORIENTED_EDGE('',*,*,#247,.F.);
#177=ORIENTED_EDGE('',*,*,#217,.T.);
#178=ORIENTED_EDGE('',*,*,#207,.T.);
#179=ORIENTED_EDGE('',*,*,#248,.F.);
#180=ORIENTED_EDGE('',*,*,#247,.T.);
#181=ORIENTED_EDGE('',*,*,#248,.T.);
#182=ORIENTED_EDGE('',*,*,#244,.T.);
#183=ORIENTED_EDGE('',*,*,#243,.T.);
#184=ORIENTED_EDGE('',*,*,#245,.T.);
#185=ORIENTED_EDGE('',*,*,#246,.T.);
#186=ORIENTED_EDGE('',*,*,#249,.F.);
#187=ORIENTED_EDGE('',*,*,#250,.T.);
#188=ORIENTED_EDGE('',*,*,#202,.T.);
#189=ORIENTED_EDGE('',*,*,#251,.T.);
#190=ORIENTED_EDGE('',*,*,#204,.F.);
#191=ORIENTED_EDGE('',*,*,#252,.T.);
#192=ORIENTED_EDGE('',*,*,#249,.T.);
#193=ORIENTED_EDGE('',*,*,#253,.T.);
#194=ORIENTED_EDGE('',*,*,#253,.F.);
#195=ORIENTED_EDGE('',*,*,#251,.F.);
#196=ORIENTED_EDGE('',*,*,#206,.F.);
#197=ORIENTED_EDGE('',*,*,#254,.T.);
#198=ORIENTED_EDGE('',*,*,#203,.F.);
#199=ORIENTED_EDGE('',*,*,#250,.F.);
#200=ORIENTED_EDGE('',*,*,#252,.F.);
#201=ORIENTED_EDGE('',*,*,#254,.F.);
#202=EDGE_CURVE('',#255,#256,#286,.T.);
#203=EDGE_CURVE('',#255,#257,#81,.T.);
#204=EDGE_CURVE('',#257,#258,#287,.T.);
#205=EDGE_CURVE('',#258,#258,#82,.T.);
#206=EDGE_CURVE('',#258,#256,#63,.T.);
#207=EDGE_CURVE('',#259,#260,#27,.T.);
#208=EDGE_CURVE('',#261,#259,#64,.T.);
#209=EDGE_CURVE('',#262,#261,#28,.T.);
#210=EDGE_CURVE('',#263,#262,#29,.T.);
#211=EDGE_CURVE('',#263,#264,#65,.T.);
#212=EDGE_CURVE('',#260,#264,#30,.T.);
#213=EDGE_CURVE('',#265,#266,#31,.T.);
#214=EDGE_CURVE('',#267,#265,#66,.T.);
#215=EDGE_CURVE('',#268,#267,#32,.T.);
#216=EDGE_CURVE('',#261,#268,#33,.T.);
#217=EDGE_CURVE('',#266,#259,#34,.T.);
#218=EDGE_CURVE('',#269,#270,#35,.T.);
#219=EDGE_CURVE('',#271,#269,#67,.T.);
#220=EDGE_CURVE('',#272,#271,#36,.T.);
#221=EDGE_CURVE('',#267,#272,#37,.T.);
#222=EDGE_CURVE('',#270,#265,#38,.T.);
#223=EDGE_CURVE('',#273,#274,#39,.T.);
#224=EDGE_CURVE('',#275,#273,#68,.T.);
#225=EDGE_CURVE('',#276,#275,#40,.T.);
#226=EDGE_CURVE('',#271,#276,#41,.T.);
#227=EDGE_CURVE('',#274,#269,#42,.T.);
#228=EDGE_CURVE('',#277,#278,#43,.T.);
#229=EDGE_CURVE('',#279,#277,#69,.T.);
#230=EDGE_CURVE('',#280,#279,#44,.T.);
#231=EDGE_CURVE('',#275,#280,#45,.T.);
#232=EDGE_CURVE('',#278,#273,#46,.T.);
#233=EDGE_CURVE('',#264,#281,#47,.T.);
#234=EDGE_CURVE('',#282,#263,#48,.T.);
#235=EDGE_CURVE('',#279,#282,#49,.T.);
#236=EDGE_CURVE('',#281,#277,#50,.T.);
#237=EDGE_CURVE('',#282,#262,#83,.T.);
#238=EDGE_CURVE('',#280,#282,#84,.T.);
#239=EDGE_CURVE('',#276,#280,#85,.T.);
#240=EDGE_CURVE('',#272,#276,#86,.T.);
#241=EDGE_CURVE('',#268,#272,#87,.T.);
#242=EDGE_CURVE('',#262,#268,#88,.T.);
#243=EDGE_CURVE('',#281,#278,#89,.T.);
#244=EDGE_CURVE('',#260,#281,#90,.T.);
#245=EDGE_CURVE('',#278,#274,#91,.T.);
#246=EDGE_CURVE('',#274,#270,#92,.T.);
#247=EDGE_CURVE('',#270,#266,#93,.T.);
#248=EDGE_CURVE('',#266,#260,#94,.T.);
#249=EDGE_CURVE('',#283,#284,#288,.T.);
#250=EDGE_CURVE('',#283,#255,#51,.T.);
#251=EDGE_CURVE('',#256,#284,#70,.T.);
#252=EDGE_CURVE('',#257,#283,#52,.T.);
#253=EDGE_CURVE('',#284,#258,#71,.T.);
#254=EDGE_CURVE('',#285,#285,#95,.T.);
#255=VERTEX_POINT('',#852);
#256=VERTEX_POINT('',#853);
#257=VERTEX_POINT('',#855);
#258=VERTEX_POINT('',#1193);
#259=VERTEX_POINT('',#1201);
#260=VERTEX_POINT('',#1202);
#261=VERTEX_POINT('',#1204);
#262=VERTEX_POINT('',#1209);
#263=VERTEX_POINT('',#1214);
#264=VERTEX_POINT('',#1216);
#265=VERTEX_POINT('',#1226);
#266=VERTEX_POINT('',#1227);
#267=VERTEX_POINT('',#1229);
#268=VERTEX_POINT('',#1234);
#269=VERTEX_POINT('',#1248);
#270=VERTEX_POINT('',#1249);
#271=VERTEX_POINT('',#1251);
#272=VERTEX_POINT('',#1256);
#273=VERTEX_POINT('',#1270);
#274=VERTEX_POINT('',#1271);
#275=VERTEX_POINT('',#1273);
#276=VERTEX_POINT('',#1278);
#277=VERTEX_POINT('',#1292);
#278=VERTEX_POINT('',#1293);
#279=VERTEX_POINT('',#1295);
#280=VERTEX_POINT('',#1300);
#281=VERTEX_POINT('',#1314);
#282=VERTEX_POINT('',#1319);
#283=VERTEX_POINT('',#2357);
#284=VERTEX_POINT('',#2358);
#285=VERTEX_POINT('',#3055);
#286=(
BOUNDED_CURVE()
B_SPLINE_CURVE(2,(#515,#516,#517,#518,#519,#520,#521,#522,#523,#524,#525,
#526,#527,#528,#529,#530,#531,#532,#533,#534,#535,#536,#537,#538,#539,#540,
#541,#542,#543,#544,#545,#546,#547,#548,#549,#550,#551,#552,#553,#554,#555,
#556,#557,#558,#559,#560,#561,#562,#563,#564,#565,#566,#567,#568,#569,#570,
#571,#572,#573,#574,#575,#576,#577,#578,#579,#580,#581,#582,#583,#584,#585,
#586,#587,#588,#589,#590,#591,#592,#593,#594,#595,#596,#597,#598,#599,#600,
#601,#602,#603,#604,#605,#606,#607,#608,#609,#610,#611,#612,#613,#614,#615,
#616,#617,#618,#619,#620,#621,#622,#623,#624,#625,#626,#627,#628,#629,#630,
#631,#632,#633,#634,#635,#636,#637,#638,#639,#640,#641,#642,#643,#644,#645,
#646,#647,#648,#649,#650,#651,#652,#653,#654,#655,#656,#657,#658,#659,#660,
#661,#662,#663,#664,#665,#666,#667,#668,#669,#670,#671,#672,#673,#674,#675,
#676,#677,#678,#679,#680,#681,#682,#683,#684,#685,#686,#687,#688,#689,#690,
#691,#692,#693,#694,#695,#696,#697,#698,#699,#700,#701,#702,#703,#704,#705,
#706,#707,#708,#709,#710,#711,#712,#713,#714,#715,#716,#717,#718,#719,#720,
#721,#722,#723,#724,#725,#726,#727,#728,#729,#730,#731,#732,#733,#734,#735,
#736,#737,#738,#739,#740,#741,#742,#743,#744,#745,#746,#747,#748,#749,#750,
#751,#752,#753,#754,#755,#756,#757,#758,#759,#760,#761,#762,#763,#764,#765,
#766,#767,#768,#769,#770,#771,#772,#773,#774,#775,#776,#777,#778,#779,#780,
#781,#782,#783,#784,#785,#786,#787,#788,#789,#790,#791,#792,#793,#794,#795,
#796,#797,#798,#799,#800,#801,#802,#803,#804,#805,#806,#807,#808,#809,#810,
#811,#812,#813,#814,#815,#816,#817,#818,#819,#820,#821,#822,#823,#824,#825,
#826,#827,#828,#829,#830,#831,#832,#833,#834,#835,#836,#837,#838,#839,#840,
#841,#842,#843,#844,#845,#846,#847,#848,#849,#850,#851),.UNSPECIFIED.,.F.,
 .F.)
B_SPLINE_CURVE_WITH_KNOTS((3,2,2,2,2,2,2,2,2,2,2,2,2,2,2,2,2,2,2,2,2,2,
2,2,2,2,2,2,2,2,2,2,2,2,2,2,2,2,2,2,2,2,2,2,2,2,2,2,2,2,2,2,2,2,2,2,2,2,
2,2,2,2,2,2,2,2,2,2,2,2,2,2,2,2,2,2,2,2,2,2,2,2,2,2,2,2,2,2,2,2,2,2,2,2,
2,2,2,2,2,2,2,2,2,2,2,2,2,2,2,2,2,2,2,2,2,2,2,2,2,2,2,2,2,2,2,2,2,2,2,2,
2,2,2,2,2,2,2,2,2,2,2,2,2,2,2,2,2,2,2,2,2,2,2,2,2,2,2,2,2,2,2,2,2,2,2,2,
2,2,3),(0.,0.00595238095238095,0.0119047619047619,0.0178571428571428,0.0238095238095238,
0.0297619047619047,0.0357142857142857,0.0416666666666667,0.0476190476190476,
0.0535714285714286,0.0595238095238095,0.0654761904761905,0.0714285714285714,
0.0773809523809524,0.0833333333333333,0.0892857142857143,0.0952380952380952,
0.101190476190476,0.107142857142857,0.113095238095238,0.119047619047619,
0.125,0.130952380952381,0.136904761904762,0.142857142857143,0.148809523809524,
0.154761904761905,0.160714285714285,0.166666666666667,0.172619047619048,
0.178571428571428,0.18452380952381,0.19047619047619,0.196428571428572,0.202380952380952,
0.208333333333334,0.214285714285714,0.220238095238095,0.226190476190476,
0.232142857142857,0.238095238095238,0.244047619047619,0.25,0.255952380952381,
0.261904761904762,0.267857142857143,0.273809523809524,0.279761904761905,
0.285714285714286,0.291666666666667,0.297619047619048,0.303571428571428,
0.309523809523809,0.31547619047619,0.321428571428572,0.327380952380952,
0.333333333333334,0.339285714285715,0.345238095238096,0.351190476190476,
0.357142857142857,0.363095238095238,0.369047619047619,0.375,0.380952380952381,
0.386904761904762,0.392857142857143,0.398809523809524,0.404761904761905,
0.410714285714286,0.416666666666667,0.422619047619048,0.428571428571428,
0.434523809523809,0.44047619047619,0.446428571428572,0.452380952380952,
0.458333333333333,0.464285714285714,0.470238095238095,0.476190476190476,
0.482142857142857,0.488095238095238,0.494047619047619,0.5,0.505952380952381,
0.511904761904762,0.517857142857143,0.523809523809524,0.529761904761905,
0.535714285714286,0.541666666666667,0.547619047619048,0.553571428571429,
0.55952380952381,0.565476190476191,0.571428571428571,0.577380952380952,
0.583333333333333,0.589285714285714,0.595238095238095,0.601190476190476,
0.607142857142857,0.613095238095238,0.619047619047619,0.625,0.630952380952381,
0.636904761904762,0.642857142857143,0.648809523809524,0.654761904761905,
0.660714285714286,0.666666666666667,0.672619047619048,0.678571428571429,
0.68452380952381,0.690476190476191,0.696428571428571,0.702380952380952,
0.708333333333333,0.714285714285714,0.720238095238095,0.726190476190476,
0.732142857142857,0.738095238095238,0.744047619047619,0.75,0.755952380952381,
0.761904761904762,0.767857142857143,0.773809523809524,0.779761904761905,
0.785714285714286,0.791666666666667,0.797619047619048,0.803571428571429,
0.80952380952381,0.815476190476191,0.821428571428571,0.827380952380952,
0.833333333333333,0.839285714285714,0.845238095238095,0.851190476190476,
0.857142857142857,0.863095238095238,0.869047619047619,0.875,0.880952380952381,
0.886904761904762,0.892857142857143,0.898809523809524,0.904761904761905,
0.910714285714286,0.916666666666667,0.922619047619048,0.928571428571429,
0.93452380952381,0.94047619047619,0.946428571428571,0.952380952380952,0.958333333333333,
0.964285714285714,0.970238095238095,0.976190476190476,0.982142857142857,
0.988095238095238,0.994047619047619,1.),.UNSPECIFIED.)
CURVE()
GEOMETRIC_REPRESENTATION_ITEM()
RATIONAL_B_SPLINE_CURVE((1.,0.866025403784439,1.,0.866025403784439,1.,0.866025403784439,
1.,0.866025403784439,1.,0.866025403784439,1.,0.866025403784439,1.,0.866025403784439,
1.,0.866025403784439,1.,0.866025403784439,1.,0.866025403784439,1.,0.866025403784439,
1.,0.866025403784439,1.,0.866025403784439,1.,0.866025403784439,1.,0.866025403784439,
1.,0.866025403784439,1.,0.866025403784439,1.,0.866025403784439,1.,0.866025403784439,
1.,0.866025403784439,1.,0.866025403784439,1.,0.866025403784439,1.,0.866025403784439,
1.,0.866025403784439,1.,0.866025403784439,1.,0.866025403784439,1.,0.866025403784439,
1.,0.866025403784439,1.,0.866025403784439,1.,0.866025403784439,1.,0.866025403784439,
1.,0.866025403784439,1.,0.866025403784439,1.,0.866025403784439,1.,0.866025403784439,
1.,0.866025403784439,1.,0.866025403784439,1.,0.866025403784439,1.,0.866025403784439,
1.,0.866025403784439,1.,0.866025403784439,1.,0.866025403784439,1.,0.866025403784439,
1.,0.866025403784439,1.,0.866025403784439,1.,0.866025403784439,1.,0.866025403784439,
1.,0.866025403784439,1.,0.866025403784439,1.,0.866025403784439,1.,0.866025403784439,
1.,0.866025403784439,1.,0.866025403784439,1.,0.866025403784439,1.,0.866025403784439,
1.,0.866025403784439,1.,0.866025403784439,1.,0.866025403784439,1.,0.866025403784439,
1.,0.866025403784439,1.,0.866025403784439,1.,0.866025403784439,1.,0.866025403784439,
1.,0.866025403784439,1.,0.866025403784439,1.,0.866025403784439,1.,0.866025403784439,
1.,0.866025403784439,1.,0.866025403784439,1.,0.866025403784439,1.,0.866025403784439,
1.,0.866025403784439,1.,0.866025403784439,1.,0.866025403784439,1.,0.866025403784439,
1.,0.866025403784439,1.,0.866025403784439,1.,0.866025403784439,1.,0.866025403784439,
1.,0.866025403784439,1.,0.866025403784439,1.,0.866025403784439,1.,0.866025403784439,
1.,0.866025403784439,1.,0.866025403784439,1.,0.866025403784439,1.,0.866025403784439,
1.,0.866025403784439,1.,0.866025403784439,1.,0.866025403784439,1.,0.866025403784439,
1.,0.866025403784439,1.,0.866025403784439,1.,0.866025403784439,1.,0.866025403784439,
1.,0.866025403784439,1.,0.866025403784439,1.,0.866025403784439,1.,0.866025403784439,
1.,0.866025403784439,1.,0.866025403784439,1.,0.866025403784439,1.,0.866025403784439,
1.,0.866025403784439,1.,0.866025403784439,1.,0.866025403784439,1.,0.866025403784439,
1.,0.866025403784439,1.,0.866025403784439,1.,0.866025403784439,1.,0.866025403784439,
1.,0.866025403784439,1.,0.866025403784439,1.,0.866025403784439,1.,0.866025403784439,
1.,0.866025403784439,1.,0.866025403784439,1.,0.866025403784439,1.,0.866025403784439,
1.,0.866025403784439,1.,0.866025403784439,1.,0.866025403784439,1.,0.866025403784439,
1.,0.866025403784439,1.,0.866025403784439,1.,0.866025403784439,1.,0.866025403784439,
1.,0.866025403784439,1.,0.866025403784439,1.,0.866025403784439,1.,0.866025403784439,
1.,0.866025403784439,1.,0.866025403784439,1.,0.866025403784439,1.,0.866025403784439,
1.,0.866025403784439,1.,0.866025403784439,1.,0.866025403784439,1.,0.866025403784439,
1.,0.866025403784439,1.,0.866025403784439,1.,0.866025403784439,1.,0.866025403784439,
1.,0.866025403784439,1.,0.866025403784439,1.,0.866025403784439,1.,0.866025403784439,
1.,0.866025403784439,1.,0.866025403784439,1.,0.866025403784439,1.,0.866025403784439,
1.,0.866025403784439,1.,0.866025403784439,1.,0.866025403784439,1.,0.866025403784439,
1.,0.866025403784439,1.,0.866025403784439,1.,0.866025403784439,1.,0.866025403784439,
1.,0.866025403784439,1.,0.866025403784439,1.,0.866025403784439,1.,0.866025403784439,
1.,0.866025403784439,1.,0.866025403784439,1.,0.866025403784439,1.,0.866025403784439,
1.,0.866025403784439,1.))
REPRESENTATION_ITEM('')
);
#287=(
BOUNDED_CURVE()
B_SPLINE_CURVE(2,(#856,#857,#858,#859,#860,#861,#862,#863,#864,#865,#866,
#867,#868,#869,#870,#871,#872,#873,#874,#875,#876,#877,#878,#879,#880,#881,
#882,#883,#884,#885,#886,#887,#888,#889,#890,#891,#892,#893,#894,#895,#896,
#897,#898,#899,#900,#901,#902,#903,#904,#905,#906,#907,#908,#909,#910,#911,
#912,#913,#914,#915,#916,#917,#918,#919,#920,#921,#922,#923,#924,#925,#926,
#927,#928,#929,#930,#931,#932,#933,#934,#935,#936,#937,#938,#939,#940,#941,
#942,#943,#944,#945,#946,#947,#948,#949,#950,#951,#952,#953,#954,#955,#956,
#957,#958,#959,#960,#961,#962,#963,#964,#965,#966,#967,#968,#969,#970,#971,
#972,#973,#974,#975,#976,#977,#978,#979,#980,#981,#982,#983,#984,#985,#986,
#987,#988,#989,#990,#991,#992,#993,#994,#995,#996,#997,#998,#999,#1000,
#1001,#1002,#1003,#1004,#1005,#1006,#1007,#1008,#1009,#1010,#1011,#1012,
#1013,#1014,#1015,#1016,#1017,#1018,#1019,#1020,#1021,#1022,#1023,#1024,
#1025,#1026,#1027,#1028,#1029,#1030,#1031,#1032,#1033,#1034,#1035,#1036,
#1037,#1038,#1039,#1040,#1041,#1042,#1043,#1044,#1045,#1046,#1047,#1048,
#1049,#1050,#1051,#1052,#1053,#1054,#1055,#1056,#1057,#1058,#1059,#1060,
#1061,#1062,#1063,#1064,#1065,#1066,#1067,#1068,#1069,#1070,#1071,#1072,
#1073,#1074,#1075,#1076,#1077,#1078,#1079,#1080,#1081,#1082,#1083,#1084,
#1085,#1086,#1087,#1088,#1089,#1090,#1091,#1092,#1093,#1094,#1095,#1096,
#1097,#1098,#1099,#1100,#1101,#1102,#1103,#1104,#1105,#1106,#1107,#1108,
#1109,#1110,#1111,#1112,#1113,#1114,#1115,#1116,#1117,#1118,#1119,#1120,
#1121,#1122,#1123,#1124,#1125,#1126,#1127,#1128,#1129,#1130,#1131,#1132,
#1133,#1134,#1135,#1136,#1137,#1138,#1139,#1140,#1141,#1142,#1143,#1144,
#1145,#1146,#1147,#1148,#1149,#1150,#1151,#1152,#1153,#1154,#1155,#1156,
#1157,#1158,#1159,#1160,#1161,#1162,#1163,#1164,#1165,#1166,#1167,#1168,
#1169,#1170,#1171,#1172,#1173,#1174,#1175,#1176,#1177,#1178,#1179,#1180,
#1181,#1182,#1183,#1184,#1185,#1186,#1187,#1188,#1189,#1190,#1191,#1192),
 .UNSPECIFIED.,.F.,.F.)
B_SPLINE_CURVE_WITH_KNOTS((3,2,2,2,2,2,2,2,2,2,2,2,2,2,2,2,2,2,2,2,2,2,
2,2,2,2,2,2,2,2,2,2,2,2,2,2,2,2,2,2,2,2,2,2,2,2,2,2,2,2,2,2,2,2,2,2,2,2,
2,2,2,2,2,2,2,2,2,2,2,2,2,2,2,2,2,2,2,2,2,2,2,2,2,2,2,2,2,2,2,2,2,2,2,2,
2,2,2,2,2,2,2,2,2,2,2,2,2,2,2,2,2,2,2,2,2,2,2,2,2,2,2,2,2,2,2,2,2,2,2,2,
2,2,2,2,2,2,2,2,2,2,2,2,2,2,2,2,2,2,2,2,2,2,2,2,2,2,2,2,2,2,2,2,2,2,2,2,
2,2,3),(0.,0.00595238095238095,0.0119047619047619,0.0178571428571428,0.0238095238095238,
0.0297619047619047,0.0357142857142857,0.0416666666666667,0.0476190476190476,
0.0535714285714286,0.0595238095238095,0.0654761904761905,0.0714285714285714,
0.0773809523809524,0.0833333333333333,0.0892857142857143,0.0952380952380952,
0.101190476190476,0.107142857142857,0.113095238095238,0.119047619047619,
0.125,0.130952380952381,0.136904761904762,0.142857142857143,0.148809523809524,
0.154761904761905,0.160714285714285,0.166666666666667,0.172619047619048,
0.178571428571428,0.18452380952381,0.19047619047619,0.196428571428572,0.202380952380952,
0.208333333333334,0.214285714285714,0.220238095238095,0.226190476190476,
0.232142857142857,0.238095238095238,0.244047619047619,0.25,0.255952380952381,
0.261904761904762,0.267857142857143,0.273809523809524,0.279761904761905,
0.285714285714286,0.291666666666667,0.297619047619048,0.303571428571428,
0.309523809523809,0.31547619047619,0.321428571428572,0.327380952380952,
0.333333333333334,0.339285714285715,0.345238095238096,0.351190476190476,
0.357142857142857,0.363095238095238,0.369047619047619,0.375,0.380952380952381,
0.386904761904762,0.392857142857143,0.398809523809524,0.404761904761905,
0.410714285714286,0.416666666666667,0.422619047619048,0.428571428571428,
0.434523809523809,0.44047619047619,0.446428571428572,0.452380952380952,
0.458333333333333,0.464285714285714,0.470238095238095,0.476190476190476,
0.482142857142857,0.488095238095238,0.494047619047619,0.5,0.505952380952381,
0.511904761904762,0.517857142857143,0.523809523809524,0.529761904761905,
0.535714285714286,0.541666666666667,0.547619047619048,0.553571428571429,
0.55952380952381,0.565476190476191,0.571428571428571,0.577380952380952,
0.583333333333333,0.589285714285714,0.595238095238095,0.601190476190476,
0.607142857142857,0.613095238095238,0.619047619047619,0.625,0.630952380952381,
0.636904761904762,0.642857142857143,0.648809523809524,0.654761904761905,
0.660714285714286,0.666666666666667,0.672619047619048,0.678571428571429,
0.68452380952381,0.690476190476191,0.696428571428571,0.702380952380952,
0.708333333333333,0.714285714285714,0.720238095238095,0.726190476190476,
0.732142857142857,0.738095238095238,0.744047619047619,0.75,0.755952380952381,
0.761904761904762,0.767857142857143,0.773809523809524,0.779761904761905,
0.785714285714286,0.791666666666667,0.797619047619048,0.803571428571429,
0.80952380952381,0.815476190476191,0.821428571428571,0.827380952380952,
0.833333333333333,0.839285714285714,0.845238095238095,0.851190476190476,
0.857142857142857,0.863095238095238,0.869047619047619,0.875,0.880952380952381,
0.886904761904762,0.892857142857143,0.898809523809524,0.904761904761905,
0.910714285714286,0.916666666666667,0.922619047619048,0.928571428571429,
0.93452380952381,0.94047619047619,0.946428571428571,0.952380952380952,0.958333333333333,
0.964285714285714,0.970238095238095,0.976190476190476,0.982142857142857,
0.988095238095238,0.994047619047619,1.),.UNSPECIFIED.)
CURVE()
GEOMETRIC_REPRESENTATION_ITEM()
RATIONAL_B_SPLINE_CURVE((1.,0.866025403784439,1.,0.866025403784439,1.,0.866025403784439,
1.,0.866025403784439,1.,0.866025403784439,1.,0.866025403784439,1.,0.866025403784439,
1.,0.866025403784439,1.,0.866025403784439,1.,0.866025403784439,1.,0.866025403784439,
1.,0.866025403784439,1.,0.866025403784439,1.,0.866025403784439,1.,0.866025403784439,
1.,0.866025403784439,1.,0.866025403784439,1.,0.866025403784439,1.,0.866025403784439,
1.,0.866025403784439,1.,0.866025403784439,1.,0.866025403784439,1.,0.866025403784439,
1.,0.866025403784439,1.,0.866025403784439,1.,0.866025403784439,1.,0.866025403784439,
1.,0.866025403784439,1.,0.866025403784439,1.,0.866025403784439,1.,0.866025403784439,
1.,0.866025403784439,1.,0.866025403784439,1.,0.866025403784439,1.,0.866025403784439,
1.,0.866025403784439,1.,0.866025403784439,1.,0.866025403784439,1.,0.866025403784439,
1.,0.866025403784439,1.,0.866025403784439,1.,0.866025403784439,1.,0.866025403784439,
1.,0.866025403784439,1.,0.866025403784439,1.,0.866025403784439,1.,0.866025403784439,
1.,0.866025403784439,1.,0.866025403784439,1.,0.866025403784439,1.,0.866025403784439,
1.,0.866025403784439,1.,0.866025403784439,1.,0.866025403784439,1.,0.866025403784439,
1.,0.866025403784439,1.,0.866025403784439,1.,0.866025403784439,1.,0.866025403784439,
1.,0.866025403784439,1.,0.866025403784439,1.,0.866025403784439,1.,0.866025403784439,
1.,0.866025403784439,1.,0.866025403784439,1.,0.866025403784439,1.,0.866025403784439,
1.,0.866025403784439,1.,0.866025403784439,1.,0.866025403784439,1.,0.866025403784439,
1.,0.866025403784439,1.,0.866025403784439,1.,0.866025403784439,1.,0.866025403784439,
1.,0.866025403784439,1.,0.866025403784439,1.,0.866025403784439,1.,0.866025403784439,
1.,0.866025403784439,1.,0.866025403784439,1.,0.866025403784439,1.,0.866025403784439,
1.,0.866025403784439,1.,0.866025403784439,1.,0.866025403784439,1.,0.866025403784439,
1.,0.866025403784439,1.,0.866025403784439,1.,0.866025403784439,1.,0.866025403784439,
1.,0.866025403784439,1.,0.866025403784439,1.,0.866025403784439,1.,0.866025403784439,
1.,0.866025403784439,1.,0.866025403784439,1.,0.866025403784439,1.,0.866025403784439,
1.,0.866025403784439,1.,0.866025403784439,1.,0.866025403784439,1.,0.866025403784439,
1.,0.866025403784439,1.,0.866025403784439,1.,0.866025403784439,1.,0.866025403784439,
1.,0.866025403784439,1.,0.866025403784439,1.,0.866025403784439,1.,0.866025403784439,
1.,0.866025403784439,1.,0.866025403784439,1.,0.866025403784439,1.,0.866025403784439,
1.,0.866025403784439,1.,0.866025403784439,1.,0.866025403784439,1.,0.866025403784439,
1.,0.866025403784439,1.,0.866025403784439,1.,0.866025403784439,1.,0.866025403784439,
1.,0.866025403784439,1.,0.866025403784439,1.,0.866025403784439,1.,0.866025403784439,
1.,0.866025403784439,1.,0.866025403784439,1.,0.866025403784439,1.,0.866025403784439,
1.,0.866025403784439,1.,0.866025403784439,1.,0.866025403784439,1.,0.866025403784439,
1.,0.866025403784439,1.,0.866025403784439,1.,0.866025403784439,1.,0.866025403784439,
1.,0.866025403784439,1.,0.866025403784439,1.,0.866025403784439,1.,0.866025403784439,
1.,0.866025403784439,1.,0.866025403784439,1.,0.866025403784439,1.,0.866025403784439,
1.,0.866025403784439,1.,0.866025403784439,1.,0.866025403784439,1.,0.866025403784439,
1.,0.866025403784439,1.,0.866025403784439,1.,0.866025403784439,1.,0.866025403784439,
1.,0.866025403784439,1.,0.866025403784439,1.,0.866025403784439,1.,0.866025403784439,
1.,0.866025403784439,1.,0.866025403784439,1.,0.866025403784439,1.,0.866025403784439,
1.,0.866025403784439,1.,0.866025403784439,1.,0.866025403784439,1.,0.866025403784439,
1.,0.866025403784439,1.))
REPRESENTATION_ITEM('')
);
#288=(
BOUNDED_CURVE()
B_SPLINE_CURVE(2,(#2020,#2021,#2022,#2023,#2024,#2025,#2026,#2027,#2028,
#2029,#2030,#2031,#2032,#2033,#2034,#2035,#2036,#2037,#2038,#2039,#2040,
#2041,#2042,#2043,#2044,#2045,#2046,#2047,#2048,#2049,#2050,#2051,#2052,
#2053,#2054,#2055,#2056,#2057,#2058,#2059,#2060,#2061,#2062,#2063,#2064,
#2065,#2066,#2067,#2068,#2069,#2070,#2071,#2072,#2073,#2074,#2075,#2076,
#2077,#2078,#2079,#2080,#2081,#2082,#2083,#2084,#2085,#2086,#2087,#2088,
#2089,#2090,#2091,#2092,#2093,#2094,#2095,#2096,#2097,#2098,#2099,#2100,
#2101,#2102,#2103,#2104,#2105,#2106,#2107,#2108,#2109,#2110,#2111,#2112,
#2113,#2114,#2115,#2116,#2117,#2118,#2119,#2120,#2121,#2122,#2123,#2124,
#2125,#2126,#2127,#2128,#2129,#2130,#2131,#2132,#2133,#2134,#2135,#2136,
#2137,#2138,#2139,#2140,#2141,#2142,#2143,#2144,#2145,#2146,#2147,#2148,
#2149,#2150,#2151,#2152,#2153,#2154,#2155,#2156,#2157,#2158,#2159,#2160,
#2161,#2162,#2163,#2164,#2165,#2166,#2167,#2168,#2169,#2170,#2171,#2172,
#2173,#2174,#2175,#2176,#2177,#2178,#2179,#2180,#2181,#2182,#2183,#2184,
#2185,#2186,#2187,#2188,#2189,#2190,#2191,#2192,#2193,#2194,#2195,#2196,
#2197,#2198,#2199,#2200,#2201,#2202,#2203,#2204,#2205,#2206,#2207,#2208,
#2209,#2210,#2211,#2212,#2213,#2214,#2215,#2216,#2217,#2218,#2219,#2220,
#2221,#2222,#2223,#2224,#2225,#2226,#2227,#2228,#2229,#2230,#2231,#2232,
#2233,#2234,#2235,#2236,#2237,#2238,#2239,#2240,#2241,#2242,#2243,#2244,
#2245,#2246,#2247,#2248,#2249,#2250,#2251,#2252,#2253,#2254,#2255,#2256,
#2257,#2258,#2259,#2260,#2261,#2262,#2263,#2264,#2265,#2266,#2267,#2268,
#2269,#2270,#2271,#2272,#2273,#2274,#2275,#2276,#2277,#2278,#2279,#2280,
#2281,#2282,#2283,#2284,#2285,#2286,#2287,#2288,#2289,#2290,#2291,#2292,
#2293,#2294,#2295,#2296,#2297,#2298,#2299,#2300,#2301,#2302,#2303,#2304,
#2305,#2306,#2307,#2308,#2309,#2310,#2311,#2312,#2313,#2314,#2315,#2316,
#2317,#2318,#2319,#2320,#2321,#2322,#2323,#2324,#2325,#2326,#2327,#2328,
#2329,#2330,#2331,#2332,#2333,#2334,#2335,#2336,#2337,#2338,#2339,#2340,
#2341,#2342,#2343,#2344,#2345,#2346,#2347,#2348,#2349,#2350,#2351,#2352,
#2353,#2354,#2355,#2356),.UNSPECIFIED.,.F.,.F.)
B_SPLINE_CURVE_WITH_KNOTS((3,2,2,2,2,2,2,2,2,2,2,2,2,2,2,2,2,2,2,2,2,2,
2,2,2,2,2,2,2,2,2,2,2,2,2,2,2,2,2,2,2,2,2,2,2,2,2,2,2,2,2,2,2,2,2,2,2,2,
2,2,2,2,2,2,2,2,2,2,2,2,2,2,2,2,2,2,2,2,2,2,2,2,2,2,2,2,2,2,2,2,2,2,2,2,
2,2,2,2,2,2,2,2,2,2,2,2,2,2,2,2,2,2,2,2,2,2,2,2,2,2,2,2,2,2,2,2,2,2,2,2,
2,2,2,2,2,2,2,2,2,2,2,2,2,2,2,2,2,2,2,2,2,2,2,2,2,2,2,2,2,2,2,2,2,2,2,2,
2,2,3),(0.,0.00595238095238095,0.0119047619047619,0.0178571428571428,0.0238095238095238,
0.0297619047619047,0.0357142857142857,0.0416666666666667,0.0476190476190476,
0.0535714285714286,0.0595238095238095,0.0654761904761905,0.0714285714285714,
0.0773809523809524,0.0833333333333333,0.0892857142857143,0.0952380952380952,
0.101190476190476,0.107142857142857,0.113095238095238,0.119047619047619,
0.125,0.130952380952381,0.136904761904762,0.142857142857143,0.148809523809524,
0.154761904761905,0.160714285714285,0.166666666666667,0.172619047619048,
0.178571428571428,0.18452380952381,0.19047619047619,0.196428571428572,0.202380952380952,
0.208333333333334,0.214285714285714,0.220238095238095,0.226190476190476,
0.232142857142857,0.238095238095238,0.244047619047619,0.25,0.255952380952381,
0.261904761904762,0.267857142857143,0.273809523809524,0.279761904761905,
0.285714285714286,0.291666666666667,0.297619047619048,0.303571428571428,
0.309523809523809,0.31547619047619,0.321428571428572,0.327380952380952,
0.333333333333334,0.339285714285715,0.345238095238096,0.351190476190476,
0.357142857142857,0.363095238095238,0.369047619047619,0.375,0.380952380952381,
0.386904761904762,0.392857142857143,0.398809523809524,0.404761904761905,
0.410714285714286,0.416666666666667,0.422619047619048,0.428571428571428,
0.434523809523809,0.44047619047619,0.446428571428572,0.452380952380952,
0.458333333333333,0.464285714285714,0.470238095238095,0.476190476190476,
0.482142857142857,0.488095238095238,0.494047619047619,0.5,0.505952380952381,
0.511904761904762,0.517857142857143,0.523809523809524,0.529761904761905,
0.535714285714286,0.541666666666667,0.547619047619048,0.553571428571429,
0.55952380952381,0.565476190476191,0.571428571428571,0.577380952380952,
0.583333333333333,0.589285714285714,0.595238095238095,0.601190476190476,
0.607142857142857,0.613095238095238,0.619047619047619,0.625,0.630952380952381,
0.636904761904762,0.642857142857143,0.648809523809524,0.654761904761905,
0.660714285714286,0.666666666666667,0.672619047619048,0.678571428571429,
0.68452380952381,0.690476190476191,0.696428571428571,0.702380952380952,
0.708333333333333,0.714285714285714,0.720238095238095,0.726190476190476,
0.732142857142857,0.738095238095238,0.744047619047619,0.75,0.755952380952381,
0.761904761904762,0.767857142857143,0.773809523809524,0.779761904761905,
0.785714285714286,0.791666666666667,0.797619047619048,0.803571428571429,
0.80952380952381,0.815476190476191,0.821428571428571,0.827380952380952,
0.833333333333333,0.839285714285714,0.845238095238095,0.851190476190476,
0.857142857142857,0.863095238095238,0.869047619047619,0.875,0.880952380952381,
0.886904761904762,0.892857142857143,0.898809523809524,0.904761904761905,
0.910714285714286,0.916666666666667,0.922619047619048,0.928571428571429,
0.93452380952381,0.94047619047619,0.946428571428571,0.952380952380952,0.958333333333333,
0.964285714285714,0.970238095238095,0.976190476190476,0.982142857142857,
0.988095238095238,0.994047619047619,1.),.UNSPECIFIED.)
CURVE()
GEOMETRIC_REPRESENTATION_ITEM()
RATIONAL_B_SPLINE_CURVE((1.,0.866025403784439,1.,0.866025403784439,1.,0.866025403784439,
1.,0.866025403784439,1.,0.866025403784439,1.,0.866025403784439,1.,0.866025403784439,
1.,0.866025403784439,1.,0.866025403784439,1.,0.866025403784439,1.,0.866025403784439,
1.,0.866025403784439,1.,0.866025403784439,1.,0.866025403784439,1.,0.866025403784439,
1.,0.866025403784439,1.,0.866025403784439,1.,0.866025403784439,1.,0.866025403784439,
1.,0.866025403784439,1.,0.866025403784439,1.,0.866025403784439,1.,0.866025403784439,
1.,0.866025403784439,1.,0.866025403784439,1.,0.866025403784439,1.,0.866025403784439,
1.,0.866025403784439,1.,0.866025403784439,1.,0.866025403784439,1.,0.866025403784439,
1.,0.866025403784439,1.,0.866025403784439,1.,0.866025403784439,1.,0.866025403784439,
1.,0.866025403784439,1.,0.866025403784439,1.,0.866025403784439,1.,0.866025403784439,
1.,0.866025403784439,1.,0.866025403784439,1.,0.866025403784439,1.,0.866025403784439,
1.,0.866025403784439,1.,0.866025403784439,1.,0.866025403784439,1.,0.866025403784439,
1.,0.866025403784439,1.,0.866025403784439,1.,0.866025403784439,1.,0.866025403784439,
1.,0.866025403784439,1.,0.866025403784439,1.,0.866025403784439,1.,0.866025403784439,
1.,0.866025403784439,1.,0.866025403784439,1.,0.866025403784439,1.,0.866025403784439,
1.,0.866025403784439,1.,0.866025403784439,1.,0.866025403784439,1.,0.866025403784439,
1.,0.866025403784439,1.,0.866025403784439,1.,0.866025403784439,1.,0.866025403784439,
1.,0.866025403784439,1.,0.866025403784439,1.,0.866025403784439,1.,0.866025403784439,
1.,0.866025403784439,1.,0.866025403784439,1.,0.866025403784439,1.,0.866025403784439,
1.,0.866025403784439,1.,0.866025403784439,1.,0.866025403784439,1.,0.866025403784439,
1.,0.866025403784439,1.,0.866025403784439,1.,0.866025403784439,1.,0.866025403784439,
1.,0.866025403784439,1.,0.866025403784439,1.,0.866025403784439,1.,0.866025403784439,
1.,0.866025403784439,1.,0.866025403784439,1.,0.866025403784439,1.,0.866025403784439,
1.,0.866025403784439,1.,0.866025403784439,1.,0.866025403784439,1.,0.866025403784439,
1.,0.866025403784439,1.,0.866025403784439,1.,0.866025403784439,1.,0.866025403784439,
1.,0.866025403784439,1.,0.866025403784439,1.,0.866025403784439,1.,0.866025403784439,
1.,0.866025403784439,1.,0.866025403784439,1.,0.866025403784439,1.,0.866025403784439,
1.,0.866025403784439,1.,0.866025403784439,1.,0.866025403784439,1.,0.866025403784439,
1.,0.866025403784439,1.,0.866025403784439,1.,0.866025403784439,1.,0.866025403784439,
1.,0.866025403784439,1.,0.866025403784439,1.,0.866025403784439,1.,0.866025403784439,
1.,0.866025403784439,1.,0.866025403784439,1.,0.866025403784439,1.,0.866025403784439,
1.,0.866025403784439,1.,0.866025403784439,1.,0.866025403784439,1.,0.866025403784439,
1.,0.866025403784439,1.,0.866025403784439,1.,0.866025403784439,1.,0.866025403784439,
1.,0.866025403784439,1.,0.866025403784439,1.,0.866025403784439,1.,0.866025403784439,
1.,0.866025403784439,1.,0.866025403784439,1.,0.866025403784439,1.,0.866025403784439,
1.,0.866025403784439,1.,0.866025403784439,1.,0.866025403784439,1.,0.866025403784439,
1.,0.866025403784439,1.,0.866025403784439,1.,0.866025403784439,1.,0.866025403784439,
1.,0.866025403784439,1.,0.866025403784439,1.,0.866025403784439,1.,0.866025403784439,
1.,0.866025403784439,1.,0.866025403784439,1.,0.866025403784439,1.,0.866025403784439,
1.,0.866025403784439,1.,0.866025403784439,1.,0.866025403784439,1.,0.866025403784439,
1.,0.866025403784439,1.,0.866025403784439,1.,0.866025403784439,1.,0.866025403784439,
1.,0.866025403784439,1.,0.866025403784439,1.,0.866025403784439,1.,0.866025403784439,
1.,0.866025403784439,1.))
REPRESENTATION_ITEM('')
);
#289=EDGE_LOOP('',(#96,#97,#98,#99,#100));
#290=EDGE_LOOP('',(#101,#102,#103,#104,#105,#106));
#291=EDGE_LOOP('',(#107,#108,#109,#110,#111,#112));
#292=EDGE_LOOP('',(#113,#114,#115,#116,#117,#118));
#293=EDGE_LOOP('',(#119,#120,#121,#122,#123,#124));
#294=EDGE_LOOP('',(#125,#126,#127,#128,#129,#130));
#295=EDGE_LOOP('',(#131,#132,#133,#134,#135,#136));
#296=EDGE_LOOP('',(#137,#138,#139));
#297=EDGE_LOOP('',(#140,#141,#142));
#298=EDGE_LOOP('',(#143,#144,#145));
#299=EDGE_LOOP('',(#146,#147,#148));
#300=EDGE_LOOP('',(#149,#150,#151));
#301=EDGE_LOOP('',(#152,#153,#154));
#302=EDGE_LOOP('',(#155));
#303=EDGE_LOOP('',(#156,#157,#158,#159,#160,#161));
#304=EDGE_LOOP('',(#162,#163,#164));
#305=EDGE_LOOP('',(#165,#166,#167));
#306=EDGE_LOOP('',(#168,#169,#170));
#307=EDGE_LOOP('',(#171,#172,#173));
#308=EDGE_LOOP('',(#174,#175,#176));
#309=EDGE_LOOP('',(#177,#178,#179));
#310=EDGE_LOOP('',(#180,#181,#182,#183,#184,#185));
#311=EDGE_LOOP('',(#186,#187,#188,#189));
#312=EDGE_LOOP('',(#190,#191,#192,#193));
#313=EDGE_LOOP('',(#194,#195,#196));
#314=EDGE_LOOP('',(#197));
#315=EDGE_LOOP('',(#198,#199,#200));
#316=EDGE_LOOP('',(#201));
#317=FACE_BOUND('',#289,.T.);
#318=FACE_BOUND('',#290,.T.);
#319=FACE_BOUND('',#291,.T.);
#320=FACE_BOUND('',#292,.T.);
#321=FACE_BOUND('',#293,.T.);
#322=FACE_BOUND('',#294,.T.);
#323=FACE_BOUND('',#295,.T.);
#324=FACE_BOUND('',#296,.T.);
#325=FACE_BOUND('',#297,.T.);
#326=FACE_BOUND('',#298,.T.);
#327=FACE_BOUND('',#299,.T.);
#328=FACE_BOUND('',#300,.T.);
#329=FACE_BOUND('',#301,.T.);
#330=FACE_BOUND('',#302,.T.);
#331=FACE_BOUND('',#303,.T.);
#332=FACE_BOUND('',#304,.T.);
#333=FACE_BOUND('',#305,.T.);
#334=FACE_BOUND('',#306,.T.);
#335=FACE_BOUND('',#307,.T.);
#336=FACE_BOUND('',#308,.T.);
#337=FACE_BOUND('',#309,.T.);
#338=FACE_BOUND('',#310,.T.);
#339=FACE_BOUND('',#311,.T.);
#340=FACE_BOUND('',#312,.T.);
#341=FACE_BOUND('',#313,.T.);
#342=FACE_BOUND('',#314,.T.);
#343=FACE_BOUND('',#315,.T.);
#344=FACE_BOUND('',#316,.T.);
#345=CYLINDRICAL_SURFACE('',#385,0.003175);
#346=ADVANCED_FACE('',(#317),#345,.T.);
#347=ADVANCED_FACE('',(#318),#53,.F.);
#348=ADVANCED_FACE('',(#319),#54,.F.);
#349=ADVANCED_FACE('',(#320),#55,.F.);
#350=ADVANCED_FACE('',(#321),#56,.F.);
#351=ADVANCED_FACE('',(#322),#57,.F.);
#352=ADVANCED_FACE('',(#323),#58,.F.);
#353=ADVANCED_FACE('',(#324),#14,.T.);
#354=ADVANCED_FACE('',(#325),#15,.T.);
#355=ADVANCED_FACE('',(#326),#16,.T.);
#356=ADVANCED_FACE('',(#327),#17,.T.);
#357=ADVANCED_FACE('',(#328),#18,.T.);
#358=ADVANCED_FACE('',(#329),#19,.T.);
#359=ADVANCED_FACE('',(#330,#331),#59,.T.);
#360=ADVANCED_FACE('',(#332),#20,.T.);
#361=ADVANCED_FACE('',(#333),#21,.T.);
#362=ADVANCED_FACE('',(#334),#22,.T.);
#363=ADVANCED_FACE('',(#335),#23,.T.);
#364=ADVANCED_FACE('',(#336),#24,.T.);
#365=ADVANCED_FACE('',(#337),#25,.T.);
#366=ADVANCED_FACE('',(#338),#60,.F.);
#367=ADVANCED_FACE('',(#339),#12,.F.);
#368=ADVANCED_FACE('',(#340),#13,.F.);
#369=ADVANCED_FACE('',(#341),#61,.F.);
#370=ADVANCED_FACE('',(#342,#343),#26,.T.);
#371=ADVANCED_FACE('',(#344),#62,.T.);
#372=CLOSED_SHELL('',(#346,#347,#348,#349,#350,#351,#352,#353,#354,#355,
#356,#357,#358,#359,#360,#361,#362,#363,#364,#365,#366,#367,#368,#369,#370,
#371));
#373=STYLED_ITEM('',(#374),#381);
#374=PRESENTATION_STYLE_ASSIGNMENT((#375));
#375=SURFACE_STYLE_USAGE(.BOTH.,#376);
#376=SURFACE_SIDE_STYLE('',(#377));
#377=SURFACE_STYLE_FILL_AREA(#378);
#378=FILL_AREA_STYLE('',(#379));
#379=FILL_AREA_STYLE_COLOUR('',#380);
#380=COLOUR_RGB('',0.615686274509804,0.811764705882353,0.929411764705882);
#381=MANIFOLD_SOLID_BREP('Part 1',#372);
#382=SHAPE_DEFINITION_REPRESENTATION(#3063,#383);
#383=SHAPE_REPRESENTATION('Part 1',(#384),#3058);
#384=AXIS2_PLACEMENT_3D('',#513,#424,#425);
#385=AXIS2_PLACEMENT_3D('',#514,#426,#427);
#386=AXIS2_PLACEMENT_3D('',#854,#428,#429);
#387=AXIS2_PLACEMENT_3D('',#1194,#430,#431);
#388=AXIS2_PLACEMENT_3D('',#1196,#433,#434);
#389=AXIS2_PLACEMENT_3D('',#1221,#437,#438);
#390=AXIS2_PLACEMENT_3D('',#1243,#440,#441);
#391=AXIS2_PLACEMENT_3D('',#1265,#443,#444);
#392=AXIS2_PLACEMENT_3D('',#1287,#446,#447);
#393=AXIS2_PLACEMENT_3D('',#1309,#449,#450);
#394=AXIS2_PLACEMENT_3D('',#1328,#451,#452);
#395=AXIS2_PLACEMENT_3D('',#1329,#453,#454);
#396=AXIS2_PLACEMENT_3D('',#1330,#455,#456);
#397=AXIS2_PLACEMENT_3D('',#1331,#457,#458);
#398=AXIS2_PLACEMENT_3D('',#1332,#459,#460);
#399=AXIS2_PLACEMENT_3D('',#1333,#461,#462);
#400=AXIS2_PLACEMENT_3D('',#1334,#463,#464);
#401=AXIS2_PLACEMENT_3D('',#1335,#465,#466);
#402=AXIS2_PLACEMENT_3D('',#1336,#467,#468);
#403=AXIS2_PLACEMENT_3D('',#1337,#469,#470);
#404=AXIS2_PLACEMENT_3D('',#1338,#471,#472);
#405=AXIS2_PLACEMENT_3D('',#1339,#473,#474);
#406=AXIS2_PLACEMENT_3D('',#1340,#475,#476);
#407=AXIS2_PLACEMENT_3D('',#1341,#477,#478);
#408=AXIS2_PLACEMENT_3D('',#1342,#479,#480);
#409=AXIS2_PLACEMENT_3D('',#1343,#481,#482);
#410=AXIS2_PLACEMENT_3D('',#1344,#483,#484);
#411=AXIS2_PLACEMENT_3D('',#1345,#485,#486);
#412=AXIS2_PLACEMENT_3D('',#1346,#487,#488);
#413=AXIS2_PLACEMENT_3D('',#1347,#489,#490);
#414=AXIS2_PLACEMENT_3D('',#1348,#491,#492);
#415=AXIS2_PLACEMENT_3D('',#1349,#493,#494);
#416=AXIS2_PLACEMENT_3D('',#1350,#495,#496);
#417=AXIS2_PLACEMENT_3D('',#1351,#497,#498);
#418=AXIS2_PLACEMENT_3D('',#1352,#499,#500);
#419=AXIS2_PLACEMENT_3D('',#1353,#501,#502);
#420=AXIS2_PLACEMENT_3D('',#3052,#505,#506);
#421=AXIS2_PLACEMENT_3D('',#3053,#507,#508);
#422=AXIS2_PLACEMENT_3D('',#3054,#509,#510);
#423=AXIS2_PLACEMENT_3D('',#3056,#511,#512);
#424=DIRECTION('',(0.,0.,1.));
#425=DIRECTION('',(1.,0.,0.));
#426=DIRECTION('',(-1.,0.,0.));
#427=DIRECTION('',(0.,0.,1.));
#428=DIRECTION('',(-1.,0.,0.));
#429=DIRECTION('',(0.,0.,1.));
#430=DIRECTION('',(1.,0.,0.));
#431=DIRECTION('',(0.,1.,-6.12323399573677E-17));
#432=DIRECTION('',(1.,0.,0.));
#433=DIRECTION('',(0.,-0.866025403784439,-0.5));
#434=DIRECTION('',(0.,0.5,-0.866025403784439));
#435=DIRECTION('',(-1.,0.,0.));
#436=DIRECTION('',(-1.,0.,0.));
#437=DIRECTION('',(0.,0.,-1.));
#438=DIRECTION('',(-1.,0.,0.));
#439=DIRECTION('',(-1.,0.,0.));
#440=DIRECTION('',(0.,0.866025403784439,-0.5));
#441=DIRECTION('',(0.,0.5,0.866025403784439));
#442=DIRECTION('',(-1.,0.,0.));
#443=DIRECTION('',(0.,0.866025403784439,0.5));
#444=DIRECTION('',(0.,-0.5,0.866025403784439));
#445=DIRECTION('',(-1.,0.,0.));
#446=DIRECTION('',(0.,2.3658497617908E-16,1.));
#447=DIRECTION('',(0.,-1.,2.3658497617908E-16));
#448=DIRECTION('',(-1.,0.,0.));
#449=DIRECTION('',(0.,-0.866025403784439,0.5));
#450=DIRECTION('',(0.,-0.5,-0.866025403784439));
#451=DIRECTION('',(-1.,0.,0.));
#452=DIRECTION('',(0.,0.,1.));
#453=DIRECTION('',(1.,0.,0.));
#454=DIRECTION('',(0.,0.,-1.));
#455=DIRECTION('',(-1.,0.,0.));
#456=DIRECTION('',(0.,0.,1.));
#457=DIRECTION('',(1.,0.,0.));
#458=DIRECTION('',(0.,0.,-1.));
#459=DIRECTION('',(-1.,0.,0.));
#460=DIRECTION('',(0.,0.,1.));
#461=DIRECTION('',(1.,0.,0.));
#462=DIRECTION('',(0.,0.,-1.));
#463=DIRECTION('',(-1.,0.,0.));
#464=DIRECTION('',(0.,0.,1.));
#465=DIRECTION('',(1.,0.,0.));
#466=DIRECTION('',(0.,0.,-1.));
#467=DIRECTION('',(-1.,0.,0.));
#468=DIRECTION('',(0.,0.,1.));
#469=DIRECTION('',(1.,0.,0.));
#470=DIRECTION('',(0.,0.,-1.));
#471=DIRECTION('',(-1.,0.,0.));
#472=DIRECTION('',(0.,0.,1.));
#473=DIRECTION('',(1.,0.,0.));
#474=DIRECTION('',(0.,0.,-1.));
#475=DIRECTION('',(1.,0.,0.));
#476=DIRECTION('',(0.,1.,0.));
#477=DIRECTION('',(1.,0.,0.));
#478=DIRECTION('',(0.,0.,-1.));
#479=DIRECTION('',(-1.,0.,0.));
#480=DIRECTION('',(0.,0.,1.));
#481=DIRECTION('',(1.,0.,0.));
#482=DIRECTION('',(0.,0.,-1.));
#483=DIRECTION('',(-1.,0.,0.));
#484=DIRECTION('',(0.,0.,1.));
#485=DIRECTION('',(1.,0.,0.));
#486=DIRECTION('',(0.,0.,-1.));
#487=DIRECTION('',(-1.,0.,0.));
#488=DIRECTION('',(0.,0.,1.));
#489=DIRECTION('',(1.,0.,0.));
#490=DIRECTION('',(0.,0.,-1.));
#491=DIRECTION('',(-1.,0.,0.));
#492=DIRECTION('',(0.,0.,1.));
#493=DIRECTION('',(1.,0.,0.));
#494=DIRECTION('',(0.,0.,-1.));
#495=DIRECTION('',(-1.,0.,0.));
#496=DIRECTION('',(0.,0.,1.));
#497=DIRECTION('',(1.,0.,0.));
#498=DIRECTION('',(0.,0.,-1.));
#499=DIRECTION('',(-1.,0.,0.));
#500=DIRECTION('',(0.,0.,1.));
#501=DIRECTION('',(1.,0.,0.));
#502=DIRECTION('',(0.,1.,0.));
#503=DIRECTION('',(-0.499363551345382,0.866392545898064,0.));
#504=DIRECTION('',(-0.499363551345378,-0.866392545898066,0.));
#505=DIRECTION('',(0.,0.,1.));
#506=DIRECTION('',(1.,0.,0.));
#507=DIRECTION('',(-1.,0.,0.));
#508=DIRECTION('',(0.,0.,1.));
#509=DIRECTION('',(-1.,0.,0.));
#510=DIRECTION('',(0.,0.,1.));
#511=DIRECTION('',(1.,0.,0.));
#512=DIRECTION('',(0.,1.,0.));
#513=CARTESIAN_POINT('',(0.,0.,0.));
#514=CARTESIAN_POINT('',(0.0301625,0.,1.94412679364643E-19));
#515=CARTESIAN_POINT('',(0.0310515,-0.003175,0.));
#516=CARTESIAN_POINT('',(0.0309759047619048,-0.003175,0.00183308710467706));
#517=CARTESIAN_POINT('',(0.0309003095238096,-0.0015875,0.0027496306570156));
#518=CARTESIAN_POINT('',(0.0308247142857143,-4.48976851060211E-19,0.00366617420935412));
#519=CARTESIAN_POINT('',(0.030749119047619,0.0015875,0.0027496306570156));
#520=CARTESIAN_POINT('',(0.0306735238095238,0.003175,0.00183308710467706));
#521=CARTESIAN_POINT('',(0.0305979285714286,0.003175,7.7765071745857E-19));
#522=CARTESIAN_POINT('',(0.0305223333333333,0.003175,-0.00183308710467706));
#523=CARTESIAN_POINT('',(0.0304467380952381,0.0015875,-0.0027496306570156));
#524=CARTESIAN_POINT('',(0.0303711428571428,8.97953702120422E-19,-0.00366617420935412));
#525=CARTESIAN_POINT('',(0.0302955476190476,-0.0015875,-0.0027496306570156));
#526=CARTESIAN_POINT('',(0.0302199523809524,-0.003175,-0.00183308710467706));
#527=CARTESIAN_POINT('',(0.0301443571428571,-0.003175,-7.7765071745857E-19));
#528=CARTESIAN_POINT('',(0.0300687619047619,-0.00317500000000001,0.00183308710467706));
#529=CARTESIAN_POINT('',(0.0299931666666667,-0.0015875,0.0027496306570156));
#530=CARTESIAN_POINT('',(0.0299175714285714,-4.60314736879014E-18,0.00366617420935412));
#531=CARTESIAN_POINT('',(0.0298419761904762,0.0015875,0.0027496306570156));
#532=CARTESIAN_POINT('',(0.029766380952381,0.003175,0.00183308710467706));
#533=CARTESIAN_POINT('',(0.0296907857142857,0.003175,1.55530143491714E-18));
#534=CARTESIAN_POINT('',(0.0296151904761905,0.00317500000000001,-0.00183308710467706));
#535=CARTESIAN_POINT('',(0.0295395952380953,0.0015875,-0.0027496306570156));
#536=CARTESIAN_POINT('',(0.029464,1.79590740424084E-18,-0.00366617420935412));
#537=CARTESIAN_POINT('',(0.0293884047619047,-0.0015875,-0.0027496306570156));
#538=CARTESIAN_POINT('',(0.0293128095238095,-0.003175,-0.00183308710467706));
#539=CARTESIAN_POINT('',(0.0292372142857143,-0.003175,-1.55530143491714E-18));
#540=CARTESIAN_POINT('',(0.029161619047619,-0.00317500000000001,0.00183308710467706));
#541=CARTESIAN_POINT('',(0.0290860238095238,-0.0015875,0.0027496306570156));
#542=CARTESIAN_POINT('',(0.0290104285714286,-8.75731788652007E-18,0.00366617420935412));
#543=CARTESIAN_POINT('',(0.0289348333333334,0.0015875,0.0027496306570156));
#544=CARTESIAN_POINT('',(0.0288592380952381,0.003175,0.00183308710467706));
#545=CARTESIAN_POINT('',(0.0287836428571428,0.003175,7.97288511747151E-18));
#546=CARTESIAN_POINT('',(0.0287080476190476,0.00317500000000001,-0.00183308710467706));
#547=CARTESIAN_POINT('',(0.0286324523809524,0.0015875,-0.0027496306570156));
#548=CARTESIAN_POINT('',(0.0285568571428571,9.20629473758027E-18,-0.00366617420935412));
#549=CARTESIAN_POINT('',(0.0284812619047619,-0.0015875,-0.0027496306570156));
#550=CARTESIAN_POINT('',(0.0284056666666667,-0.003175,-0.00183308710467706));
#551=CARTESIAN_POINT('',(0.0283300714285715,-0.003175,-2.33295215237571E-18));
#552=CARTESIAN_POINT('',(0.0282544761904762,-0.00317500000000001,0.00183308710467706));
#553=CARTESIAN_POINT('',(0.028178880952381,-0.0015875,0.0027496306570156));
#554=CARTESIAN_POINT('',(0.0281032857142857,-9.65527158864049E-18,0.00366617420935412));
#555=CARTESIAN_POINT('',(0.0280276904761905,0.0015875,0.0027496306570156));
#556=CARTESIAN_POINT('',(0.0279520952380952,0.003175,0.00183308710467706));
#557=CARTESIAN_POINT('',(0.0278765,0.003175,3.11060286983428E-18));
#558=CARTESIAN_POINT('',(0.0278009047619048,0.00317500000000001,-0.00183308710467706));
#559=CARTESIAN_POINT('',(0.0277253095238096,0.0015875,-0.0027496306570156));
#560=CARTESIAN_POINT('',(0.0276497142857143,1.01042484397007E-17,-0.00366617420935412));
#561=CARTESIAN_POINT('',(0.0275741190476191,-0.0015875,-0.0027496306570156));
#562=CARTESIAN_POINT('',(0.0274985238095238,-0.003175,-0.00183308710467706));
#563=CARTESIAN_POINT('',(0.0274229285714286,-0.003175,-3.11060286983428E-18));
#564=CARTESIAN_POINT('',(0.0273473333333333,-0.00317500000000001,0.00183308710467706));
#565=CARTESIAN_POINT('',(0.0272717380952381,-0.0015875,0.0027496306570156));
#566=CARTESIAN_POINT('',(0.0271961428571429,-1.05532252907609E-17,0.00366617420935412));
#567=CARTESIAN_POINT('',(0.0271205476190476,0.0015875,0.0027496306570156));
#568=CARTESIAN_POINT('',(0.0270449523809524,0.003175,0.00183308710467706));
#569=CARTESIAN_POINT('',(0.0269693571428571,0.003175,1.51681195174844E-17));
#570=CARTESIAN_POINT('',(0.0268937619047619,0.00317500000000001,-0.00183308710467706));
#571=CARTESIAN_POINT('',(0.0268181666666666,0.0015875,-0.0027496306570156));
#572=CARTESIAN_POINT('',(0.0267425714285714,1.10022021418211E-17,-0.00366617420935412));
#573=CARTESIAN_POINT('',(0.0266669761904762,-0.0015875,-0.0027496306570156));
#574=CARTESIAN_POINT('',(0.026591380952381,-0.003175,-0.00183308710467706));
#575=CARTESIAN_POINT('',(0.0265157857142857,-0.003175,-1.51681195174844E-17));
#576=CARTESIAN_POINT('',(0.0264401904761905,-0.00317500000000001,0.00183308710467706));
#577=CARTESIAN_POINT('',(0.0263645952380952,-0.0015875,0.0027496306570156));
#578=CARTESIAN_POINT('',(0.026289,-2.44760462553194E-17,0.00366617420935412));
#579=CARTESIAN_POINT('',(0.0262134047619048,0.0015875,0.0027496306570156));
#580=CARTESIAN_POINT('',(0.0261378095238095,0.003175,0.00183308710467706));
#581=CARTESIAN_POINT('',(0.0260622142857143,0.003175,1.5945770234943E-17));
#582=CARTESIAN_POINT('',(0.0259866190476191,0.00317500000000001,-0.00183308710467706));
#583=CARTESIAN_POINT('',(0.0259110238095238,0.0015875,-0.00274963065701559));
#584=CARTESIAN_POINT('',(0.0258354285714286,1.19001558439415E-17,-0.00366617420935412));
#585=CARTESIAN_POINT('',(0.0257598333333333,-0.0015875,-0.00274963065701561));
#586=CARTESIAN_POINT('',(0.0256842380952381,-0.003175,-0.00183308710467706));
#587=CARTESIAN_POINT('',(0.0256086428571429,-0.003175,-4.66590430475142E-18));
#588=CARTESIAN_POINT('',(0.0255330476190476,-0.00317500000000001,0.00183308710467706));
#589=CARTESIAN_POINT('',(0.0254574523809524,-0.0015875,0.00274963065701559));
#590=CARTESIAN_POINT('',(0.0253818571428571,-2.53739999574398E-17,0.00366617420935412));
#591=CARTESIAN_POINT('',(0.0253062619047619,0.0015875,0.0027496306570156));
#592=CARTESIAN_POINT('',(0.0252306666666667,0.003175,0.00183308710467706));
#593=CARTESIAN_POINT('',(0.0251550714285715,0.003175,1.67234209524016E-17));
#594=CARTESIAN_POINT('',(0.0250794761904762,0.00317500000000001,-0.00183308710467706));
#595=CARTESIAN_POINT('',(0.025003880952381,0.0015875,-0.00274963065701559));
#596=CARTESIAN_POINT('',(0.0249282857142857,1.2798109546062E-17,-0.00366617420935412));
#597=CARTESIAN_POINT('',(0.0248526904761905,-0.0015875,-0.00274963065701561));
#598=CARTESIAN_POINT('',(0.0247770952380952,-0.003175,-0.00183308710467706));
#599=CARTESIAN_POINT('',(0.0247015,-0.003175,-5.44355502220999E-18));
#600=CARTESIAN_POINT('',(0.0246259047619048,-0.00317500000000001,0.00183308710467706));
#601=CARTESIAN_POINT('',(0.0245503095238096,-0.0015875,0.00274963065701559));
#602=CARTESIAN_POINT('',(0.0244747142857143,-2.62719536595602E-17,0.00366617420935412));
#603=CARTESIAN_POINT('',(0.0243991190476191,0.0015875,0.0027496306570156));
#604=CARTESIAN_POINT('',(0.0243235238095238,0.00317499999999999,0.00183308710467709));
#605=CARTESIAN_POINT('',(0.0242479285714286,0.003175,1.75010716698602E-17));
#606=CARTESIAN_POINT('',(0.0241723333333333,0.00317500000000001,-0.00183308710467706));
#607=CARTESIAN_POINT('',(0.0240967380952381,0.0015875,-0.00274963065701559));
#608=CARTESIAN_POINT('',(0.0240211428571429,1.36960632481824E-17,-0.00366617420935412));
#609=CARTESIAN_POINT('',(0.0239455476190476,-0.0015875,-0.00274963065701561));
#610=CARTESIAN_POINT('',(0.0238699523809524,-0.003175,-0.00183308710467706));
#611=CARTESIAN_POINT('',(0.0237943571428571,-0.003175,-6.22120573966856E-18));
#612=CARTESIAN_POINT('',(0.0237187619047619,-0.00317500000000001,0.00183308710467706));
#613=CARTESIAN_POINT('',(0.0236431666666667,-0.0015875,0.00274963065701559));
#614=CARTESIAN_POINT('',(0.0235675714285715,-2.71699073616806E-17,0.00366617420935412));
#615=CARTESIAN_POINT('',(0.0234919761904762,0.0015875,0.0027496306570156));
#616=CARTESIAN_POINT('',(0.0234163809523809,0.00317499999999999,0.00183308710467709));
#617=CARTESIAN_POINT('',(0.0233407857142857,0.003175,1.82787223873187E-17));
#618=CARTESIAN_POINT('',(0.0232651904761905,0.00317500000000001,-0.00183308710467706));
#619=CARTESIAN_POINT('',(0.0231895952380952,0.0015875,-0.00274963065701559));
#620=CARTESIAN_POINT('',(0.023114,1.45940169503028E-17,-0.00366617420935412));
#621=CARTESIAN_POINT('',(0.0230384047619047,-0.0015875,-0.00274963065701561));
#622=CARTESIAN_POINT('',(0.0229628095238095,-0.003175,-0.00183308710467706));
#623=CARTESIAN_POINT('',(0.0228872142857143,-0.003175,-2.95585883175104E-17));
#624=CARTESIAN_POINT('',(0.0228116190476191,-0.00317500000000001,0.00183308710467706));
#625=CARTESIAN_POINT('',(0.0227360238095238,-0.0015875,0.00274963065701559));
#626=CARTESIAN_POINT('',(0.0226604285714286,-2.80678610638011E-17,0.00366617420935412));
#627=CARTESIAN_POINT('',(0.0225848333333333,0.0015875,0.0027496306570156));
#628=CARTESIAN_POINT('',(0.0225092380952381,0.00317499999999999,0.00183308710467709));
#629=CARTESIAN_POINT('',(0.0224336428571428,0.003175,1.90563731047773E-17));
#630=CARTESIAN_POINT('',(0.0223580476190476,0.00317500000000002,-0.00183308710467703));
#631=CARTESIAN_POINT('',(0.0222824523809524,0.0015875,-0.00274963065701559));
#632=CARTESIAN_POINT('',(0.0222068571428571,1.54919706524232E-17,-0.00366617420935412));
#633=CARTESIAN_POINT('',(0.0221312619047619,-0.0015875,-0.00274963065701561));
#634=CARTESIAN_POINT('',(0.0220556666666667,-0.003175,-0.00183308710467706));
#635=CARTESIAN_POINT('',(0.0219800714285714,-0.003175,-3.03362390349689E-17));
#636=CARTESIAN_POINT('',(0.0219044761904762,-0.00317500000000001,0.00183308710467706));
#637=CARTESIAN_POINT('',(0.021828880952381,-0.0015875,0.00274963065701559));
#638=CARTESIAN_POINT('',(0.0217532857142857,-2.89658147659215E-17,0.00366617420935412));
#639=CARTESIAN_POINT('',(0.0216776904761905,0.0015875,0.0027496306570156));
#640=CARTESIAN_POINT('',(0.0216020952380953,0.003175,0.00183308710467706));
#641=CARTESIAN_POINT('',(0.0215265,0.003175,4.23937556826191E-17));
#642=CARTESIAN_POINT('',(0.0214509047619047,0.00317500000000002,-0.00183308710467703));
#643=CARTESIAN_POINT('',(0.0213753095238095,0.00158750000000002,-0.00274963065701559));
#644=CARTESIAN_POINT('',(0.0212997142857143,1.63899243545437E-17,-0.00366617420935412));
#645=CARTESIAN_POINT('',(0.0212241190476191,-0.0015875,-0.0027496306570156));
#646=CARTESIAN_POINT('',(0.0211485238095238,-0.00317499999999998,-0.0018330871046771));
#647=CARTESIAN_POINT('',(0.0210729285714286,-0.003175,-3.11138897524275E-17));
#648=CARTESIAN_POINT('',(0.0209973333333333,-0.00317500000000001,0.00183308710467706));
#649=CARTESIAN_POINT('',(0.0209217380952381,-0.0015875,0.00274963065701559));
#650=CARTESIAN_POINT('',(0.0208461428571429,-3.81403394316584E-18,0.00366617420935412));
#651=CARTESIAN_POINT('',(0.0207705476190476,0.00158749999999997,0.00274963065701561));
#652=CARTESIAN_POINT('',(0.0206949523809524,0.00317499999999998,0.0018330871046771));
#653=CARTESIAN_POINT('',(0.0206193571428571,0.003175,2.06116745396944E-17));
#654=CARTESIAN_POINT('',(0.0205437619047619,0.00317500000000001,-0.00183308710467706));
#655=CARTESIAN_POINT('',(0.0204681666666666,0.00158750000000005,-0.00274963065701558));
#656=CARTESIAN_POINT('',(0.0203925714285714,4.33376125815401E-17,-0.00366617420935412));
#657=CARTESIAN_POINT('',(0.0203169761904762,-0.0015875,-0.00274963065701561));
#658=CARTESIAN_POINT('',(0.0202413809523809,-0.00317499999999999,-0.00183308710467706));
#659=CARTESIAN_POINT('',(0.0201657857142857,-0.003175,-9.33180860950284E-18));
#660=CARTESIAN_POINT('',(0.0200901904761905,-0.00317500000000003,0.00183308710467702));
#661=CARTESIAN_POINT('',(0.0200145952380953,-0.00158750000000003,0.00274963065701558));
#662=CARTESIAN_POINT('',(0.019939,-3.07617221701623E-17,0.00366617420935412));
#663=CARTESIAN_POINT('',(0.0198634047619048,0.0015875,0.0027496306570156));
#664=CARTESIAN_POINT('',(0.0197878095238095,0.003175,0.00183308710467706));
#665=CARTESIAN_POINT('',(0.0197122142857143,0.003175,4.39490571175362E-17));
#666=CARTESIAN_POINT('',(0.0196366190476191,0.00317500000000002,-0.00183308710467703));
#667=CARTESIAN_POINT('',(0.0195610238095238,0.00158750000000002,-0.00274963065701559));
#668=CARTESIAN_POINT('',(0.0194854285714285,1.81858317587845E-17,-0.00366617420935412));
#669=CARTESIAN_POINT('',(0.0194098333333334,-0.0015875,-0.0027496306570156));
#670=CARTESIAN_POINT('',(0.0193342380952381,-0.00317499999999998,-0.00183308710467711));
#671=CARTESIAN_POINT('',(0.0192586428571428,-0.003175,-3.26691911873446E-17));
#672=CARTESIAN_POINT('',(0.0191830476190476,-0.00317500000000002,0.00183308710467706));
#673=CARTESIAN_POINT('',(0.0191074523809524,-0.0015875,0.00274963065701559));
#674=CARTESIAN_POINT('',(0.0190318571428571,-5.77094103971587E-17,0.00366617420935412));
#675=CARTESIAN_POINT('',(0.0189562619047619,0.00158749999999997,0.00274963065701561));
#676=CARTESIAN_POINT('',(0.0188806666666667,0.00317499999999998,0.0018330871046771));
#677=CARTESIAN_POINT('',(0.0188050714285714,0.003175,2.21669759746116E-17));
#678=CARTESIAN_POINT('',(0.0187294761904762,0.00317500000000001,-0.00183308710467706));
#679=CARTESIAN_POINT('',(0.0186538809523809,0.00158750000000005,-0.00274963065701557));
#680=CARTESIAN_POINT('',(0.0185782857142857,4.5133519985781E-17,-0.00366617420935412));
#681=CARTESIAN_POINT('',(0.0185026904761905,-0.00158749999999997,-0.00274963065701561));
#682=CARTESIAN_POINT('',(0.0184270952380952,-0.00317499999999999,-0.00183308710467706));
#683=CARTESIAN_POINT('',(0.0183515,-0.003175,-1.088711004442E-17));
#684=CARTESIAN_POINT('',(0.0182759047619047,-0.00317500000000003,0.00183308710467702));
#685=CARTESIAN_POINT('',(0.0182003095238095,-0.00158750000000003,0.00274963065701558));
#686=CARTESIAN_POINT('',(0.0181247142857143,-3.25576295744032E-17,0.00366617420935412));
#687=CARTESIAN_POINT('',(0.018049119047619,0.0015875,0.0027496306570156));
#688=CARTESIAN_POINT('',(0.0179735238095238,0.003175,0.00183308710467706));
#689=CARTESIAN_POINT('',(0.0178979285714286,0.003175,4.55043585524534E-17));
#690=CARTESIAN_POINT('',(0.0178223333333333,0.00317500000000002,-0.00183308710467703));
#691=CARTESIAN_POINT('',(0.0177467380952381,0.00158750000000002,-0.00274963065701559));
#692=CARTESIAN_POINT('',(0.0176711428571429,1.99817391630253E-17,-0.00366617420935412));
#693=CARTESIAN_POINT('',(0.0175955476190476,-0.00158749999999995,-0.00274963065701562));
#694=CARTESIAN_POINT('',(0.0175199523809524,-0.00317499999999998,-0.00183308710467711));
#695=CARTESIAN_POINT('',(0.0174443571428571,-0.003175,-3.42244926222617E-17));
#696=CARTESIAN_POINT('',(0.0173687619047619,-0.00317500000000002,0.00183308710467706));
#697=CARTESIAN_POINT('',(0.0172931666666667,-0.0015875,0.00274963065701559));
#698=CARTESIAN_POINT('',(0.0172175714285714,-5.95053178013997E-17,0.00366617420935412));
#699=CARTESIAN_POINT('',(0.0171419761904762,0.00158749999999997,0.00274963065701562));
#700=CARTESIAN_POINT('',(0.0170663809523809,0.00317499999999998,0.0018330871046771));
#701=CARTESIAN_POINT('',(0.0169907857142857,0.003175,2.37222774095287E-17));
#702=CARTESIAN_POINT('',(0.0169151904761905,0.00317500000000001,-0.00183308710467706));
#703=CARTESIAN_POINT('',(0.0168395952380953,0.00158750000000005,-0.00274963065701557));
#704=CARTESIAN_POINT('',(0.016764,4.69294273900218E-17,-0.00366617420935412));
#705=CARTESIAN_POINT('',(0.0166884047619048,-0.00158749999999997,-0.00274963065701561));
#706=CARTESIAN_POINT('',(0.0166128095238095,-0.00317499999999999,-0.00183308710467706));
#707=CARTESIAN_POINT('',(0.0165372142857143,-0.003175,-1.24424114793371E-17));
#708=CARTESIAN_POINT('',(0.0164616190476191,-0.00317500000000003,0.00183308710467702));
#709=CARTESIAN_POINT('',(0.0163860238095238,-0.00158750000000003,0.00274963065701558));
#710=CARTESIAN_POINT('',(0.0163104285714286,-3.4353536978644E-17,0.00366617420935412));
#711=CARTESIAN_POINT('',(0.0162348333333334,0.0015875,0.0027496306570156));
#712=CARTESIAN_POINT('',(0.0161592380952381,0.00317499999999997,0.00183308710467712));
#713=CARTESIAN_POINT('',(0.0160836428571428,0.003175,4.70596599873705E-17));
#714=CARTESIAN_POINT('',(0.0160080476190476,0.00317500000000002,-0.00183308710467703));
#715=CARTESIAN_POINT('',(0.0159324523809524,0.00158750000000002,-0.00274963065701558));
#716=CARTESIAN_POINT('',(0.0158568571428571,2.17776465672662E-17,-0.00366617420935412));
#717=CARTESIAN_POINT('',(0.0157812619047619,-0.00158749999999995,-0.00274963065701562));
#718=CARTESIAN_POINT('',(0.0157056666666667,-0.00317499999999998,-0.00183308710467711));
#719=CARTESIAN_POINT('',(0.0156300714285714,-0.003175,-3.57797940571789E-17));
#720=CARTESIAN_POINT('',(0.0155544761904762,-0.00317500000000002,0.00183308710467706));
#721=CARTESIAN_POINT('',(0.0154788809523809,-0.0015875,0.00274963065701559));
#722=CARTESIAN_POINT('',(0.0154032857142857,-6.13012252056405E-17,0.00366617420935412));
#723=CARTESIAN_POINT('',(0.0153276904761905,0.00158749999999997,0.00274963065701562));
#724=CARTESIAN_POINT('',(0.0152520952380952,0.00317499999999998,0.0018330871046771));
#725=CARTESIAN_POINT('',(0.0151765,0.003175,2.52775788444458E-17));
#726=CARTESIAN_POINT('',(0.0151009047619048,0.00317500000000004,-0.001833087104677));
#727=CARTESIAN_POINT('',(0.0150253095238096,0.00158750000000005,-0.00274963065701557));
#728=CARTESIAN_POINT('',(0.0149497142857143,4.87253347942627E-17,-0.00366617420935412));
#729=CARTESIAN_POINT('',(0.014874119047619,-0.00158749999999997,-0.00274963065701561));
#730=CARTESIAN_POINT('',(0.0147985238095238,-0.00317499999999999,-0.00183308710467706));
#731=CARTESIAN_POINT('',(0.0147229285714286,-0.003175,-5.91171766350207E-17));
#732=CARTESIAN_POINT('',(0.0146473333333333,-0.00317500000000003,0.00183308710467702));
#733=CARTESIAN_POINT('',(0.0145717380952381,-0.00158750000000003,0.00274963065701558));
#734=CARTESIAN_POINT('',(0.0144961428571428,-3.61494443828848E-17,0.00366617420935412));
#735=CARTESIAN_POINT('',(0.0144205476190476,0.0015875,0.00274963065701561));
#736=CARTESIAN_POINT('',(0.0143449523809524,0.00317499999999997,0.00183308710467712));
#737=CARTESIAN_POINT('',(0.0142693571428571,0.003175,4.86149614222877E-17));
#738=CARTESIAN_POINT('',(0.0141937619047619,0.00317500000000002,-0.00183308710467703));
#739=CARTESIAN_POINT('',(0.0141181666666667,0.00158750000000003,-0.00274963065701558));
#740=CARTESIAN_POINT('',(0.0140425714285714,2.3573553971507E-17,-0.00366617420935412));
#741=CARTESIAN_POINT('',(0.0139669761904762,-0.00158749999999995,-0.00274963065701562));
#742=CARTESIAN_POINT('',(0.013891380952381,-0.00317499999999998,-0.00183308710467711));
#743=CARTESIAN_POINT('',(0.0138157857142857,-0.003175,-3.7335095492096E-17));
#744=CARTESIAN_POINT('',(0.0137401904761905,-0.00317500000000002,0.00183308710467706));
#745=CARTESIAN_POINT('',(0.0136645952380952,-0.00158750000000006,0.00274963065701557));
#746=CARTESIAN_POINT('',(0.013589,-6.30971326098814E-17,0.00366617420935412));
#747=CARTESIAN_POINT('',(0.0135134047619048,0.00158749999999997,0.00274963065701562));
#748=CARTESIAN_POINT('',(0.0134378095238095,0.00317499999999998,0.0018330871046771));
#749=CARTESIAN_POINT('',(0.0133622142857143,0.003175,2.6832880279363E-17));
#750=CARTESIAN_POINT('',(0.013286619047619,0.00317500000000004,-0.001833087104677));
#751=CARTESIAN_POINT('',(0.0132110238095238,0.00158750000000005,-0.00274963065701557));
#752=CARTESIAN_POINT('',(0.0131354285714286,5.05212421985035E-17,-0.00366617420935412));
#753=CARTESIAN_POINT('',(0.0130598333333333,-0.00158749999999997,-0.00274963065701561));
#754=CARTESIAN_POINT('',(0.0129842380952381,-0.00317499999999999,-0.00183308710467709));
#755=CARTESIAN_POINT('',(0.0129086428571429,-0.003175,-6.06724780699378E-17));
#756=CARTESIAN_POINT('',(0.0128330476190476,-0.00317500000000003,0.00183308710467702));
#757=CARTESIAN_POINT('',(0.0127574523809524,-0.00158750000000004,0.00274963065701558));
#758=CARTESIAN_POINT('',(0.0126818571428571,-3.79453517871257E-17,0.00366617420935412));
#759=CARTESIAN_POINT('',(0.0126062619047619,0.0015875,0.00274963065701561));
#760=CARTESIAN_POINT('',(0.0125306666666667,0.003175,0.00183308710467706));
#761=CARTESIAN_POINT('',(0.0124550714285714,0.003175,5.01702628572048E-17));
#762=CARTESIAN_POINT('',(0.0123794761904762,0.00317500000000005,-0.00183308710467698));
#763=CARTESIAN_POINT('',(0.012303880952381,0.00158750000000003,-0.00274963065701558));
#764=CARTESIAN_POINT('',(0.0122282857142857,7.74689304254999E-17,-0.00366617420935412));
#765=CARTESIAN_POINT('',(0.0121526904761905,-0.0015875,-0.0027496306570156));
#766=CARTESIAN_POINT('',(0.0120770952380952,-0.00317499999999997,-0.00183308710467711));
#767=CARTESIAN_POINT('',(0.0120015,-0.003175,-8.40098606477796E-17));
#768=CARTESIAN_POINT('',(0.0119259047619047,-0.00317500000000002,0.00183308710467703));
#769=CARTESIAN_POINT('',(0.0118503095238095,-0.00158750000000006,0.00274963065701557));
#770=CARTESIAN_POINT('',(0.0117747142857143,-1.27935709643701E-17,0.00366617420935412));
#771=CARTESIAN_POINT('',(0.011699119047619,0.00158749999999996,0.00274963065701562));
#772=CARTESIAN_POINT('',(0.0116235238095238,0.00317499999999996,0.00183308710467715));
#773=CARTESIAN_POINT('',(0.0115479285714286,0.003175,2.83881817142801E-17));
#774=CARTESIAN_POINT('',(0.0114723333333333,0.00317500000000004,-0.001833087104677));
#775=CARTESIAN_POINT('',(0.0113967380952381,0.0015875,-0.00274963065701559));
#776=CARTESIAN_POINT('',(0.0113211428571429,5.23171496027444E-17,-0.00366617420935412));
#777=CARTESIAN_POINT('',(0.0112455476190476,-0.00158749999999993,-0.00274963065701563));
#778=CARTESIAN_POINT('',(0.0111699523809524,-0.00317499999999999,-0.00183308710467709));
#779=CARTESIAN_POINT('',(0.0110943571428571,-0.003175,-6.2227779504855E-17));
#780=CARTESIAN_POINT('',(0.0110187619047619,-0.00317500000000001,0.00183308710467706));
#781=CARTESIAN_POINT('',(0.0109431666666667,-0.00158750000000004,0.00274963065701558));
#782=CARTESIAN_POINT('',(0.0108675714285714,-9.18407282411186E-17,0.00366617420935412));
#783=CARTESIAN_POINT('',(0.0107919761904762,0.0015875,0.00274963065701561));
#784=CARTESIAN_POINT('',(0.0107163809523809,0.00317499999999997,0.00183308710467712));
#785=CARTESIAN_POINT('',(0.0106407857142857,0.003175,6.60610057135551E-18));
#786=CARTESIAN_POINT('',(0.0105651904761905,0.00317500000000002,-0.00183308710467702));
#787=CARTESIAN_POINT('',(0.0104895952380952,0.00158750000000007,-0.00274963065701555));
#788=CARTESIAN_POINT('',(0.010414,2.71653687799887E-17,-0.00366617420935412));
#789=CARTESIAN_POINT('',(0.0103384047619048,-0.00158749999999995,-0.00274963065701562));
#790=CARTESIAN_POINT('',(0.0102628095238095,-0.00317499999999995,-0.00183308710467716));
#791=CARTESIAN_POINT('',(0.0101872142857143,-0.003175,-4.04456983619303E-17));
#792=CARTESIAN_POINT('',(0.010111619047619,-0.00317500000000005,0.00183308710467699));
#793=CARTESIAN_POINT('',(0.0100360238095238,-0.0015875,0.00274963065701559));
#794=CARTESIAN_POINT('',(0.00996042857142857,-6.66889474183629E-17,0.00366617420935412));
#795=CARTESIAN_POINT('',(0.00988483333333334,0.00158749999999992,0.00274963065701564));
#796=CARTESIAN_POINT('',(0.00980923809523809,0.00317499999999998,0.0018330871046771));
#797=CARTESIAN_POINT('',(0.00973364285714286,0.003175,7.50629468699637E-17));
#798=CARTESIAN_POINT('',(0.00965804761904761,0.00317500000000001,-0.00183308710467706));
#799=CARTESIAN_POINT('',(0.00958245238095238,0.00158750000000005,-0.00274963065701557));
#800=CARTESIAN_POINT('',(0.00950685714285714,1.06212526056737E-16,-0.00366617420935412));
#801=CARTESIAN_POINT('',(0.0094312619047619,-0.00158749999999997,-0.00274963065701561));
#802=CARTESIAN_POINT('',(0.00935566666666667,-0.00317499999999996,-0.00183308710467714));
#803=CARTESIAN_POINT('',(0.00928007142857143,-0.003175,-1.86636172190057E-17));
#804=CARTESIAN_POINT('',(0.00920447619047619,-0.00317500000000004,0.00183308710467701));
#805=CARTESIAN_POINT('',(0.00912888095238095,-0.00158750000000008,0.00274963065701555));
#806=CARTESIAN_POINT('',(0.00905328571428572,-4.15371665956074E-17,0.00366617420935412));
#807=CARTESIAN_POINT('',(0.00897769047619048,0.00158749999999994,0.00274963065701563));
#808=CARTESIAN_POINT('',(0.00890209523809524,0.003175,0.00183308710467706));
#809=CARTESIAN_POINT('',(0.0088265,0.003175,5.32808657270391E-17));
#810=CARTESIAN_POINT('',(0.00875090476190476,0.00317500000000005,-0.00183308710467697));
#811=CARTESIAN_POINT('',(0.00867530952380952,0.00158750000000003,-0.00274963065701558));
#812=CARTESIAN_POINT('',(0.00859971428571428,8.10607452339817E-17,-0.00366617420935412));
#813=CARTESIAN_POINT('',(0.00852411904761905,-0.0015875,-0.0027496306570156));
#814=CARTESIAN_POINT('',(0.00844852380952381,-0.00317499999999997,-0.00183308710467711));
#815=CARTESIAN_POINT('',(0.00837292857142857,-0.003175,-8.71204635176139E-17));
#816=CARTESIAN_POINT('',(0.00829733333333333,-0.00317500000000002,0.00183308710467703));
#817=CARTESIAN_POINT('',(0.00822173809523809,-0.00158750000000006,0.00274963065701556));
#818=CARTESIAN_POINT('',(0.00814614285714286,-1.63853857728517E-17,0.00366617420935412));
#819=CARTESIAN_POINT('',(0.00807054761904762,0.00158749999999996,0.00274963065701562));
#820=CARTESIAN_POINT('',(0.00799495238095238,0.00317499999999996,0.00183308710467715));
#821=CARTESIAN_POINT('',(0.00791935714285715,0.003175,3.14987845841145E-17));
#822=CARTESIAN_POINT('',(0.00784376190476191,0.00317500000000004,-0.001833087104677));
#823=CARTESIAN_POINT('',(0.00776816666666667,0.0015875,-0.00274963065701559));
#824=CARTESIAN_POINT('',(0.00769257142857143,5.59089644112261E-17,-0.00366617420935412));
#825=CARTESIAN_POINT('',(0.00761697619047619,-0.00158749999999993,-0.00274963065701564));
#826=CARTESIAN_POINT('',(0.00754138095238095,-0.00317499999999998,-0.0018330871046771));
#827=CARTESIAN_POINT('',(0.00746578571428572,-0.003175,-6.53383823746893E-17));
#828=CARTESIAN_POINT('',(0.00739019047619047,-0.00317500000000006,0.00183308710467696));
#829=CARTESIAN_POINT('',(0.00731459523809524,-0.00158750000000005,0.00274963065701558));
#830=CARTESIAN_POINT('',(0.007239,-9.54325430496003E-17,0.00366617420935412));
#831=CARTESIAN_POINT('',(0.00716340476190476,0.0015875,0.00274963065701561));
#832=CARTESIAN_POINT('',(0.00708780952380952,0.00317499999999997,0.00183308710467713));
#833=CARTESIAN_POINT('',(0.00701221428571429,0.003175,9.99556308827226E-17));
#834=CARTESIAN_POINT('',(0.00693661904761905,0.00317500000000003,-0.00183308710467702));
#835=CARTESIAN_POINT('',(0.00686102380952381,0.00158750000000007,-0.00274963065701555));
#836=CARTESIAN_POINT('',(0.00678542857142858,3.07571835884704E-17,-0.00366617420935412));
#837=CARTESIAN_POINT('',(0.00670983333333334,-0.00158749999999995,-0.00274963065701563));
#838=CARTESIAN_POINT('',(0.0066342380952381,-0.00317499999999994,-0.00183308710467716));
#839=CARTESIAN_POINT('',(0.00655864285714286,-0.003175,-4.35563012317646E-17));
#840=CARTESIAN_POINT('',(0.00648304761904762,-0.00317500000000005,0.00183308710467699));
#841=CARTESIAN_POINT('',(0.00640745238095238,-0.00158750000000002,0.00274963065701559));
#842=CARTESIAN_POINT('',(0.00633185714285714,-7.02807622268447E-17,0.00366617420935412));
#843=CARTESIAN_POINT('',(0.0062562619047619,0.00158749999999992,0.00274963065701564));
#844=CARTESIAN_POINT('',(0.00618066666666666,0.00317499999999998,0.00183308710467711));
#845=CARTESIAN_POINT('',(0.00610507142857143,0.003175,7.8173549739798E-17));
#846=CARTESIAN_POINT('',(0.00602947619047619,0.00317500000000002,-0.00183308710467706));
#847=CARTESIAN_POINT('',(0.00595388095238095,0.00158750000000006,-0.00274963065701557));
#848=CARTESIAN_POINT('',(0.00587828571428571,1.09804340865219E-16,-0.00366617420935412));
#849=CARTESIAN_POINT('',(0.00580269047619048,-0.00158749999999997,-0.00274963065701561));
#850=CARTESIAN_POINT('',(0.00572709523809524,-0.00317499999999996,-0.00183308710467714));
#851=CARTESIAN_POINT('',(0.0056515,-0.003175,-2.17742200888399E-17));
#852=CARTESIAN_POINT('',(0.02936875,-0.00196711919222776,-0.00249220125262172));
#853=CARTESIAN_POINT('',(0.0056515,-0.003175,-1.088711004442E-17));
#854=CARTESIAN_POINT('',(0.02936875,0.,0.));
#855=CARTESIAN_POINT('',(0.02936875,-0.0022654434357107,-0.00222449792977996));
#856=CARTESIAN_POINT('',(0.0301625,-0.003175,0.));
#857=CARTESIAN_POINT('',(0.0300869047619047,-0.003175,0.00183308710467706));
#858=CARTESIAN_POINT('',(0.0300113095238096,-0.0015875,0.0027496306570156));
#859=CARTESIAN_POINT('',(0.0299357142857143,-4.48976851060211E-19,0.00366617420935412));
#860=CARTESIAN_POINT('',(0.0298601190476191,0.0015875,0.0027496306570156));
#861=CARTESIAN_POINT('',(0.0297845238095238,0.003175,0.00183308710467706));
#862=CARTESIAN_POINT('',(0.0297089285714286,0.003175,7.7765071745857E-19));
#863=CARTESIAN_POINT('',(0.0296333333333333,0.003175,-0.00183308710467706));
#864=CARTESIAN_POINT('',(0.0295577380952381,0.0015875,-0.0027496306570156));
#865=CARTESIAN_POINT('',(0.0294821428571429,8.97953702120422E-19,-0.00366617420935412));
#866=CARTESIAN_POINT('',(0.0294065476190476,-0.0015875,-0.0027496306570156));
#867=CARTESIAN_POINT('',(0.0293309523809524,-0.003175,-0.00183308710467706));
#868=CARTESIAN_POINT('',(0.0292553571428571,-0.003175,-7.7765071745857E-19));
#869=CARTESIAN_POINT('',(0.0291797619047619,-0.003175,0.00183308710467706));
#870=CARTESIAN_POINT('',(0.0291041666666666,-0.0015875,0.0027496306570156));
#871=CARTESIAN_POINT('',(0.0290285714285714,-4.60314736879014E-18,0.00366617420935412));
#872=CARTESIAN_POINT('',(0.0289529761904762,0.0015875,0.0027496306570156));
#873=CARTESIAN_POINT('',(0.028877380952381,0.003175,0.00183308710467706));
#874=CARTESIAN_POINT('',(0.0288017857142857,0.003175,1.55530143491714E-18));
#875=CARTESIAN_POINT('',(0.0287261904761905,0.003175,-0.00183308710467706));
#876=CARTESIAN_POINT('',(0.0286505952380952,0.0015875,-0.00274963065701559));
#877=CARTESIAN_POINT('',(0.028575,1.79590740424084E-18,-0.00366617420935412));
#878=CARTESIAN_POINT('',(0.0284994047619048,-0.0015875,-0.0027496306570156));
#879=CARTESIAN_POINT('',(0.0284238095238095,-0.003175,-0.00183308710467706));
#880=CARTESIAN_POINT('',(0.0283482142857143,-0.003175,-1.55530143491714E-18));
#881=CARTESIAN_POINT('',(0.028272619047619,-0.003175,0.00183308710467706));
#882=CARTESIAN_POINT('',(0.0281970238095238,-0.0015875,0.0027496306570156));
#883=CARTESIAN_POINT('',(0.0281214285714286,-8.75731788652005E-18,0.00366617420935412));
#884=CARTESIAN_POINT('',(0.0280458333333333,0.0015875,0.0027496306570156));
#885=CARTESIAN_POINT('',(0.0279702380952381,0.003175,0.00183308710467706));
#886=CARTESIAN_POINT('',(0.0278946428571429,0.003175,7.97288511747151E-18));
#887=CARTESIAN_POINT('',(0.0278190476190476,0.003175,-0.00183308710467706));
#888=CARTESIAN_POINT('',(0.0277434523809524,0.0015875,-0.00274963065701559));
#889=CARTESIAN_POINT('',(0.0276678571428572,9.20629473758027E-18,-0.00366617420935412));
#890=CARTESIAN_POINT('',(0.0275922619047619,-0.0015875,-0.0027496306570156));
#891=CARTESIAN_POINT('',(0.0275166666666667,-0.003175,-0.00183308710467706));
#892=CARTESIAN_POINT('',(0.0274410714285715,-0.003175,-2.33295215237571E-18));
#893=CARTESIAN_POINT('',(0.0273654761904762,-0.003175,0.00183308710467706));
#894=CARTESIAN_POINT('',(0.027289880952381,-0.0015875,0.00274963065701559));
#895=CARTESIAN_POINT('',(0.0272142857142857,-9.65527158864048E-18,0.00366617420935412));
#896=CARTESIAN_POINT('',(0.0271386904761905,0.0015875,0.0027496306570156));
#897=CARTESIAN_POINT('',(0.0270630952380952,0.003175,0.00183308710467706));
#898=CARTESIAN_POINT('',(0.0269875,0.003175,3.11060286983428E-18));
#899=CARTESIAN_POINT('',(0.0269119047619048,0.003175,-0.00183308710467706));
#900=CARTESIAN_POINT('',(0.0268363095238096,0.0015875,-0.00274963065701559));
#901=CARTESIAN_POINT('',(0.0267607142857143,1.01042484397007E-17,-0.00366617420935412));
#902=CARTESIAN_POINT('',(0.0266851190476191,-0.0015875,-0.0027496306570156));
#903=CARTESIAN_POINT('',(0.0266095238095238,-0.003175,-0.00183308710467706));
#904=CARTESIAN_POINT('',(0.0265339285714286,-0.003175,-3.11060286983428E-18));
#905=CARTESIAN_POINT('',(0.0264583333333334,-0.00317500000000001,0.00183308710467706));
#906=CARTESIAN_POINT('',(0.0263827380952381,-0.0015875,0.00274963065701559));
#907=CARTESIAN_POINT('',(0.0263071428571428,-1.05532252907609E-17,0.00366617420935412));
#908=CARTESIAN_POINT('',(0.0262315476190476,0.0015875,0.0027496306570156));
#909=CARTESIAN_POINT('',(0.0261559523809524,0.003175,0.00183308710467706));
#910=CARTESIAN_POINT('',(0.0260803571428571,0.003175,1.51681195174844E-17));
#911=CARTESIAN_POINT('',(0.0260047619047619,0.00317500000000001,-0.00183308710467706));
#912=CARTESIAN_POINT('',(0.0259291666666667,0.0015875,-0.00274963065701559));
#913=CARTESIAN_POINT('',(0.0258535714285714,1.10022021418211E-17,-0.00366617420935412));
#914=CARTESIAN_POINT('',(0.0257779761904762,-0.0015875,-0.0027496306570156));
#915=CARTESIAN_POINT('',(0.025702380952381,-0.003175,-0.00183308710467706));
#916=CARTESIAN_POINT('',(0.0256267857142857,-0.003175,-1.51681195174844E-17));
#917=CARTESIAN_POINT('',(0.0255511904761905,-0.00317500000000001,0.00183308710467706));
#918=CARTESIAN_POINT('',(0.0254755952380952,-0.0015875,0.00274963065701559));
#919=CARTESIAN_POINT('',(0.0254,-2.44760462553194E-17,0.00366617420935412));
#920=CARTESIAN_POINT('',(0.0253244047619047,0.0015875,0.0027496306570156));
#921=CARTESIAN_POINT('',(0.0252488095238095,0.003175,0.00183308710467706));
#922=CARTESIAN_POINT('',(0.0251732142857143,0.003175,1.5945770234943E-17));
#923=CARTESIAN_POINT('',(0.025097619047619,0.00317500000000001,-0.00183308710467706));
#924=CARTESIAN_POINT('',(0.0250220238095238,0.0015875,-0.00274963065701559));
#925=CARTESIAN_POINT('',(0.0249464285714286,1.19001558439415E-17,-0.00366617420935412));
#926=CARTESIAN_POINT('',(0.0248708333333333,-0.0015875,-0.0027496306570156));
#927=CARTESIAN_POINT('',(0.0247952380952381,-0.003175,-0.00183308710467706));
#928=CARTESIAN_POINT('',(0.0247196428571428,-0.003175,-4.66590430475142E-18));
#929=CARTESIAN_POINT('',(0.0246440476190476,-0.00317500000000001,0.00183308710467706));
#930=CARTESIAN_POINT('',(0.0245684523809524,-0.0015875,0.00274963065701559));
#931=CARTESIAN_POINT('',(0.0244928571428572,-2.53739999574398E-17,0.00366617420935412));
#932=CARTESIAN_POINT('',(0.0244172619047619,0.0015875,0.0027496306570156));
#933=CARTESIAN_POINT('',(0.0243416666666666,0.003175,0.00183308710467706));
#934=CARTESIAN_POINT('',(0.0242660714285714,0.003175,1.67234209524016E-17));
#935=CARTESIAN_POINT('',(0.0241904761904762,0.00317500000000001,-0.00183308710467706));
#936=CARTESIAN_POINT('',(0.024114880952381,0.0015875,-0.00274963065701559));
#937=CARTESIAN_POINT('',(0.0240392857142857,1.2798109546062E-17,-0.00366617420935412));
#938=CARTESIAN_POINT('',(0.0239636904761905,-0.0015875,-0.0027496306570156));
#939=CARTESIAN_POINT('',(0.0238880952380952,-0.003175,-0.00183308710467706));
#940=CARTESIAN_POINT('',(0.0238125,-0.003175,-5.44355502220999E-18));
#941=CARTESIAN_POINT('',(0.0237369047619048,-0.00317500000000001,0.00183308710467706));
#942=CARTESIAN_POINT('',(0.0236613095238096,-0.0015875,0.00274963065701559));
#943=CARTESIAN_POINT('',(0.0235857142857143,-2.62719536595602E-17,0.00366617420935412));
#944=CARTESIAN_POINT('',(0.0235101190476191,0.0015875,0.0027496306570156));
#945=CARTESIAN_POINT('',(0.0234345238095238,0.00317499999999998,0.00183308710467709));
#946=CARTESIAN_POINT('',(0.0233589285714286,0.003175,1.75010716698602E-17));
#947=CARTESIAN_POINT('',(0.0232833333333334,0.00317500000000001,-0.00183308710467706));
#948=CARTESIAN_POINT('',(0.0232077380952381,0.0015875,-0.00274963065701559));
#949=CARTESIAN_POINT('',(0.0231321428571428,1.36960632481824E-17,-0.00366617420935412));
#950=CARTESIAN_POINT('',(0.0230565476190476,-0.0015875,-0.00274963065701561));
#951=CARTESIAN_POINT('',(0.0229809523809524,-0.00317499999999999,-0.00183308710467706));
#952=CARTESIAN_POINT('',(0.0229053571428571,-0.003175,-6.22120573966856E-18));
#953=CARTESIAN_POINT('',(0.0228297619047619,-0.00317500000000001,0.00183308710467706));
#954=CARTESIAN_POINT('',(0.0227541666666667,-0.0015875,0.00274963065701559));
#955=CARTESIAN_POINT('',(0.0226785714285714,-2.71699073616806E-17,0.00366617420935412));
#956=CARTESIAN_POINT('',(0.0226029761904762,0.0015875,0.0027496306570156));
#957=CARTESIAN_POINT('',(0.022527380952381,0.00317499999999998,0.00183308710467709));
#958=CARTESIAN_POINT('',(0.0224517857142857,0.003175,1.82787223873187E-17));
#959=CARTESIAN_POINT('',(0.0223761904761904,0.00317500000000001,-0.00183308710467706));
#960=CARTESIAN_POINT('',(0.0223005952380952,0.0015875,-0.00274963065701559));
#961=CARTESIAN_POINT('',(0.022225,1.45940169503028E-17,-0.00366617420935412));
#962=CARTESIAN_POINT('',(0.0221494047619047,-0.0015875,-0.00274963065701561));
#963=CARTESIAN_POINT('',(0.0220738095238095,-0.00317499999999999,-0.00183308710467706));
#964=CARTESIAN_POINT('',(0.0219982142857143,-0.003175,-2.95585883175104E-17));
#965=CARTESIAN_POINT('',(0.021922619047619,-0.00317500000000001,0.00183308710467706));
#966=CARTESIAN_POINT('',(0.0218470238095238,-0.0015875,0.00274963065701559));
#967=CARTESIAN_POINT('',(0.0217714285714286,-2.8067861063801E-17,0.00366617420935412));
#968=CARTESIAN_POINT('',(0.0216958333333334,0.0015875,0.0027496306570156));
#969=CARTESIAN_POINT('',(0.0216202380952381,0.00317499999999998,0.00183308710467709));
#970=CARTESIAN_POINT('',(0.0215446428571428,0.003175,1.90563731047773E-17));
#971=CARTESIAN_POINT('',(0.0214690476190476,0.00317500000000002,-0.00183308710467703));
#972=CARTESIAN_POINT('',(0.0213934523809524,0.0015875,-0.00274963065701559));
#973=CARTESIAN_POINT('',(0.0213178571428572,1.54919706524232E-17,-0.00366617420935412));
#974=CARTESIAN_POINT('',(0.0212422619047619,-0.0015875,-0.00274963065701561));
#975=CARTESIAN_POINT('',(0.0211666666666666,-0.00317499999999999,-0.00183308710467706));
#976=CARTESIAN_POINT('',(0.0210910714285714,-0.003175,-3.03362390349689E-17));
#977=CARTESIAN_POINT('',(0.0210154761904762,-0.00317500000000001,0.00183308710467706));
#978=CARTESIAN_POINT('',(0.0209398809523809,-0.0015875,0.00274963065701559));
#979=CARTESIAN_POINT('',(0.0208642857142857,-2.89658147659215E-17,0.00366617420935412));
#980=CARTESIAN_POINT('',(0.0207886904761905,0.0015875,0.0027496306570156));
#981=CARTESIAN_POINT('',(0.0207130952380952,0.003175,0.00183308710467706));
#982=CARTESIAN_POINT('',(0.0206375,0.003175,4.2393755682619E-17));
#983=CARTESIAN_POINT('',(0.0205619047619048,0.00317500000000002,-0.00183308710467703));
#984=CARTESIAN_POINT('',(0.0204863095238095,0.0015875,-0.00274963065701559));
#985=CARTESIAN_POINT('',(0.0204107142857143,1.63899243545436E-17,-0.00366617420935412));
#986=CARTESIAN_POINT('',(0.020335119047619,-0.0015875,-0.0027496306570156));
#987=CARTESIAN_POINT('',(0.0202595238095238,-0.00317499999999998,-0.0018330871046771));
#988=CARTESIAN_POINT('',(0.0201839285714286,-0.003175,-3.11138897524274E-17));
#989=CARTESIAN_POINT('',(0.0201083333333333,-0.00317500000000001,0.00183308710467706));
#990=CARTESIAN_POINT('',(0.0200327380952381,-0.0015875,0.00274963065701559));
#991=CARTESIAN_POINT('',(0.0199571428571428,-3.81403394316584E-18,0.00366617420935412));
#992=CARTESIAN_POINT('',(0.0198815476190476,0.00158749999999997,0.00274963065701561));
#993=CARTESIAN_POINT('',(0.0198059523809524,0.00317499999999998,0.00183308710467709));
#994=CARTESIAN_POINT('',(0.0197303571428572,0.003175,2.06116745396944E-17));
#995=CARTESIAN_POINT('',(0.0196547619047619,0.00317500000000001,-0.00183308710467706));
#996=CARTESIAN_POINT('',(0.0195791666666667,0.00158750000000004,-0.00274963065701557));
#997=CARTESIAN_POINT('',(0.0195035714285714,4.33376125815401E-17,-0.00366617420935412));
#998=CARTESIAN_POINT('',(0.0194279761904762,-0.00158749999999997,-0.00274963065701561));
#999=CARTESIAN_POINT('',(0.019352380952381,-0.00317499999999999,-0.00183308710467706));
#1000=CARTESIAN_POINT('',(0.0192767857142857,-0.003175,-9.33180860950284E-18));
#1001=CARTESIAN_POINT('',(0.0192011904761905,-0.00317500000000002,0.00183308710467702));
#1002=CARTESIAN_POINT('',(0.0191255952380953,-0.00158750000000003,0.00274963065701558));
#1003=CARTESIAN_POINT('',(0.01905,-3.07617221701623E-17,0.00366617420935412));
#1004=CARTESIAN_POINT('',(0.0189744047619048,0.0015875,0.0027496306570156));
#1005=CARTESIAN_POINT('',(0.0188988095238095,0.003175,0.00183308710467706));
#1006=CARTESIAN_POINT('',(0.0188232142857143,0.003175,4.39490571175362E-17));
#1007=CARTESIAN_POINT('',(0.018747619047619,0.00317500000000002,-0.00183308710467703));
#1008=CARTESIAN_POINT('',(0.0186720238095238,0.00158750000000002,-0.00274963065701558));
#1009=CARTESIAN_POINT('',(0.0185964285714286,1.81858317587845E-17,-0.00366617420935412));
#1010=CARTESIAN_POINT('',(0.0185208333333334,-0.0015875,-0.0027496306570156));
#1011=CARTESIAN_POINT('',(0.0184452380952381,-0.00317499999999998,-0.00183308710467711));
#1012=CARTESIAN_POINT('',(0.0183696428571428,-0.003175,-3.26691911873446E-17));
#1013=CARTESIAN_POINT('',(0.0182940476190476,-0.00317500000000001,0.00183308710467706));
#1014=CARTESIAN_POINT('',(0.0182184523809524,-0.0015875,0.00274963065701559));
#1015=CARTESIAN_POINT('',(0.0181428571428571,-5.77094103971587E-17,0.00366617420935412));
#1016=CARTESIAN_POINT('',(0.0180672619047619,0.00158749999999997,0.00274963065701561));
#1017=CARTESIAN_POINT('',(0.0179916666666667,0.00317499999999998,0.0018330871046771));
#1018=CARTESIAN_POINT('',(0.0179160714285714,0.003175,2.21669759746116E-17));
#1019=CARTESIAN_POINT('',(0.0178404761904762,0.00317500000000001,-0.00183308710467706));
#1020=CARTESIAN_POINT('',(0.0177648809523809,0.00158750000000005,-0.00274963065701557));
#1021=CARTESIAN_POINT('',(0.0176892857142857,4.5133519985781E-17,-0.00366617420935412));
#1022=CARTESIAN_POINT('',(0.0176136904761905,-0.00158749999999997,-0.00274963065701561));
#1023=CARTESIAN_POINT('',(0.0175380952380952,-0.00317499999999999,-0.00183308710467706));
#1024=CARTESIAN_POINT('',(0.0174625,-0.003175,-1.088711004442E-17));
#1025=CARTESIAN_POINT('',(0.0173869047619048,-0.00317500000000003,0.00183308710467702));
#1026=CARTESIAN_POINT('',(0.0173113095238095,-0.00158750000000003,0.00274963065701558));
#1027=CARTESIAN_POINT('',(0.0172357142857143,-3.25576295744031E-17,0.00366617420935412));
#1028=CARTESIAN_POINT('',(0.0171601190476191,0.0015875,0.0027496306570156));
#1029=CARTESIAN_POINT('',(0.0170845238095238,0.003175,0.00183308710467706));
#1030=CARTESIAN_POINT('',(0.0170089285714286,0.003175,4.55043585524534E-17));
#1031=CARTESIAN_POINT('',(0.0169333333333333,0.00317500000000002,-0.00183308710467703));
#1032=CARTESIAN_POINT('',(0.0168577380952381,0.00158750000000002,-0.00274963065701558));
#1033=CARTESIAN_POINT('',(0.0167821428571429,1.99817391630253E-17,-0.00366617420935412));
#1034=CARTESIAN_POINT('',(0.0167065476190476,-0.00158749999999995,-0.00274963065701562));
#1035=CARTESIAN_POINT('',(0.0166309523809524,-0.00317499999999998,-0.00183308710467711));
#1036=CARTESIAN_POINT('',(0.0165553571428571,-0.003175,-3.42244926222617E-17));
#1037=CARTESIAN_POINT('',(0.0164797619047619,-0.00317500000000002,0.00183308710467706));
#1038=CARTESIAN_POINT('',(0.0164041666666667,-0.0015875,0.00274963065701559));
#1039=CARTESIAN_POINT('',(0.0163285714285714,-5.95053178013995E-17,0.00366617420935412));
#1040=CARTESIAN_POINT('',(0.0162529761904762,0.00158749999999997,0.00274963065701561));
#1041=CARTESIAN_POINT('',(0.0161773809523809,0.00317499999999998,0.0018330871046771));
#1042=CARTESIAN_POINT('',(0.0161017857142857,0.003175,2.37222774095287E-17));
#1043=CARTESIAN_POINT('',(0.0160261904761905,0.00317500000000001,-0.00183308710467706));
#1044=CARTESIAN_POINT('',(0.0159505952380952,0.00158750000000005,-0.00274963065701557));
#1045=CARTESIAN_POINT('',(0.015875,4.69294273900218E-17,-0.00366617420935412));
#1046=CARTESIAN_POINT('',(0.0157994047619048,-0.00158749999999997,-0.00274963065701561));
#1047=CARTESIAN_POINT('',(0.0157238095238095,-0.00317499999999999,-0.00183308710467706));
#1048=CARTESIAN_POINT('',(0.0156482142857143,-0.003175,-1.24424114793371E-17));
#1049=CARTESIAN_POINT('',(0.015572619047619,-0.00317500000000003,0.00183308710467702));
#1050=CARTESIAN_POINT('',(0.0154970238095238,-0.00158750000000003,0.00274963065701558));
#1051=CARTESIAN_POINT('',(0.0154214285714286,-3.4353536978644E-17,0.00366617420935412));
#1052=CARTESIAN_POINT('',(0.0153458333333333,0.0015875,0.0027496306570156));
#1053=CARTESIAN_POINT('',(0.0152702380952381,0.00317499999999997,0.00183308710467712));
#1054=CARTESIAN_POINT('',(0.0151946428571429,0.003175,4.70596599873705E-17));
#1055=CARTESIAN_POINT('',(0.0151190476190476,0.00317500000000002,-0.00183308710467703));
#1056=CARTESIAN_POINT('',(0.0150434523809524,0.00158750000000002,-0.00274963065701558));
#1057=CARTESIAN_POINT('',(0.0149678571428571,2.17776465672662E-17,-0.00366617420935412));
#1058=CARTESIAN_POINT('',(0.0148922619047619,-0.00158749999999995,-0.00274963065701562));
#1059=CARTESIAN_POINT('',(0.0148166666666667,-0.00317499999999997,-0.00183308710467711));
#1060=CARTESIAN_POINT('',(0.0147410714285714,-0.003175,-3.57797940571789E-17));
#1061=CARTESIAN_POINT('',(0.0146654761904762,-0.00317500000000002,0.00183308710467706));
#1062=CARTESIAN_POINT('',(0.0145898809523809,-0.0015875,0.00274963065701559));
#1063=CARTESIAN_POINT('',(0.0145142857142857,-6.13012252056405E-17,0.00366617420935412));
#1064=CARTESIAN_POINT('',(0.0144386904761905,0.00158749999999997,0.00274963065701561));
#1065=CARTESIAN_POINT('',(0.0143630952380952,0.00317499999999998,0.0018330871046771));
#1066=CARTESIAN_POINT('',(0.0142875,0.003175,2.52775788444458E-17));
#1067=CARTESIAN_POINT('',(0.0142119047619048,0.00317500000000004,-0.001833087104677));
#1068=CARTESIAN_POINT('',(0.0141363095238095,0.00158750000000005,-0.00274963065701557));
#1069=CARTESIAN_POINT('',(0.0140607142857143,4.87253347942626E-17,-0.00366617420935412));
#1070=CARTESIAN_POINT('',(0.013985119047619,-0.00158749999999997,-0.00274963065701561));
#1071=CARTESIAN_POINT('',(0.0139095238095238,-0.00317499999999999,-0.00183308710467706));
#1072=CARTESIAN_POINT('',(0.0138339285714286,-0.003175,-5.91171766350207E-17));
#1073=CARTESIAN_POINT('',(0.0137583333333333,-0.00317500000000003,0.00183308710467702));
#1074=CARTESIAN_POINT('',(0.0136827380952381,-0.00158750000000003,0.00274963065701558));
#1075=CARTESIAN_POINT('',(0.0136071428571429,-3.61494443828848E-17,0.00366617420935412));
#1076=CARTESIAN_POINT('',(0.0135315476190476,0.0015875,0.0027496306570156));
#1077=CARTESIAN_POINT('',(0.0134559523809524,0.00317499999999997,0.00183308710467712));
#1078=CARTESIAN_POINT('',(0.0133803571428571,0.003175,4.86149614222876E-17));
#1079=CARTESIAN_POINT('',(0.0133047619047619,0.00317500000000002,-0.00183308710467703));
#1080=CARTESIAN_POINT('',(0.0132291666666667,0.00158750000000002,-0.00274963065701558));
#1081=CARTESIAN_POINT('',(0.0131535714285714,2.3573553971507E-17,-0.00366617420935412));
#1082=CARTESIAN_POINT('',(0.0130779761904762,-0.00158749999999995,-0.00274963065701562));
#1083=CARTESIAN_POINT('',(0.0130023809523809,-0.00317499999999997,-0.00183308710467711));
#1084=CARTESIAN_POINT('',(0.0129267857142857,-0.003175,-3.7335095492096E-17));
#1085=CARTESIAN_POINT('',(0.0128511904761905,-0.00317500000000002,0.00183308710467703));
#1086=CARTESIAN_POINT('',(0.0127755952380952,-0.00158750000000006,0.00274963065701557));
#1087=CARTESIAN_POINT('',(0.0127,-6.30971326098812E-17,0.00366617420935412));
#1088=CARTESIAN_POINT('',(0.0126244047619048,0.00158749999999996,0.00274963065701562));
#1089=CARTESIAN_POINT('',(0.0125488095238095,0.00317499999999998,0.0018330871046771));
#1090=CARTESIAN_POINT('',(0.0124732142857143,0.003175,2.6832880279363E-17));
#1091=CARTESIAN_POINT('',(0.012397619047619,0.00317500000000004,-0.001833087104677));
#1092=CARTESIAN_POINT('',(0.0123220238095238,0.00158750000000005,-0.00274963065701557));
#1093=CARTESIAN_POINT('',(0.0122464285714286,5.05212421985035E-17,-0.00366617420935412));
#1094=CARTESIAN_POINT('',(0.0121708333333333,-0.00158749999999997,-0.00274963065701561));
#1095=CARTESIAN_POINT('',(0.0120952380952381,-0.00317499999999999,-0.00183308710467709));
#1096=CARTESIAN_POINT('',(0.0120196428571429,-0.003175,-6.06724780699378E-17));
#1097=CARTESIAN_POINT('',(0.0119440476190476,-0.00317500000000003,0.00183308710467701));
#1098=CARTESIAN_POINT('',(0.0118684523809524,-0.00158750000000004,0.00274963065701558));
#1099=CARTESIAN_POINT('',(0.0117928571428571,-3.79453517871257E-17,0.00366617420935412));
#1100=CARTESIAN_POINT('',(0.0117172619047619,0.0015875,0.0027496306570156));
#1101=CARTESIAN_POINT('',(0.0116416666666667,0.003175,0.00183308710467706));
#1102=CARTESIAN_POINT('',(0.0115660714285714,0.003175,5.01702628572048E-17));
#1103=CARTESIAN_POINT('',(0.0114904761904762,0.00317500000000005,-0.00183308710467697));
#1104=CARTESIAN_POINT('',(0.011414880952381,0.00158750000000003,-0.00274963065701558));
#1105=CARTESIAN_POINT('',(0.0113392857142857,7.74689304254999E-17,-0.00366617420935412));
#1106=CARTESIAN_POINT('',(0.0112636904761905,-0.0015875,-0.0027496306570156));
#1107=CARTESIAN_POINT('',(0.0111880952380952,-0.00317499999999997,-0.00183308710467711));
#1108=CARTESIAN_POINT('',(0.0111125,-0.003175,-8.40098606477796E-17));
#1109=CARTESIAN_POINT('',(0.0110369047619048,-0.00317500000000002,0.00183308710467703));
#1110=CARTESIAN_POINT('',(0.0109613095238095,-0.00158750000000006,0.00274963065701556));
#1111=CARTESIAN_POINT('',(0.0108857142857143,-1.279357096437E-17,0.00366617420935412));
#1112=CARTESIAN_POINT('',(0.010810119047619,0.00158749999999996,0.00274963065701562));
#1113=CARTESIAN_POINT('',(0.0107345238095238,0.00317499999999996,0.00183308710467715));
#1114=CARTESIAN_POINT('',(0.0106589285714286,0.003175,2.83881817142801E-17));
#1115=CARTESIAN_POINT('',(0.0105833333333333,0.00317500000000004,-0.001833087104677));
#1116=CARTESIAN_POINT('',(0.0105077380952381,0.0015875,-0.00274963065701559));
#1117=CARTESIAN_POINT('',(0.0104321428571429,5.23171496027443E-17,-0.00366617420935412));
#1118=CARTESIAN_POINT('',(0.0103565476190476,-0.00158749999999993,-0.00274963065701563));
#1119=CARTESIAN_POINT('',(0.0102809523809524,-0.00317499999999998,-0.00183308710467709));
#1120=CARTESIAN_POINT('',(0.0102053571428571,-0.003175,-6.22277795048549E-17));
#1121=CARTESIAN_POINT('',(0.0101297619047619,-0.00317500000000001,0.00183308710467706));
#1122=CARTESIAN_POINT('',(0.0100541666666667,-0.00158750000000004,0.00274963065701558));
#1123=CARTESIAN_POINT('',(0.00997857142857142,-9.18407282411185E-17,0.00366617420935412));
#1124=CARTESIAN_POINT('',(0.00990297619047619,0.0015875,0.00274963065701561));
#1125=CARTESIAN_POINT('',(0.00982738095238096,0.00317499999999997,0.00183308710467712));
#1126=CARTESIAN_POINT('',(0.00975178571428571,0.003175,6.60610057135551E-18));
#1127=CARTESIAN_POINT('',(0.00967619047619048,0.00317500000000002,-0.00183308710467702));
#1128=CARTESIAN_POINT('',(0.00960059523809524,0.00158750000000007,-0.00274963065701555));
#1129=CARTESIAN_POINT('',(0.009525,2.71653687799887E-17,-0.00366617420935412));
#1130=CARTESIAN_POINT('',(0.00944940476190476,-0.00158749999999995,-0.00274963065701562));
#1131=CARTESIAN_POINT('',(0.00937380952380952,-0.00317499999999995,-0.00183308710467716));
#1132=CARTESIAN_POINT('',(0.00929821428571428,-0.003175,-4.04456983619303E-17));
#1133=CARTESIAN_POINT('',(0.00922261904761904,-0.00317500000000005,0.00183308710467699));
#1134=CARTESIAN_POINT('',(0.00914702380952381,-0.0015875,0.00274963065701559));
#1135=CARTESIAN_POINT('',(0.00907142857142857,-6.66889474183629E-17,0.00366617420935412));
#1136=CARTESIAN_POINT('',(0.00899583333333334,0.00158749999999992,0.00274963065701564));
#1137=CARTESIAN_POINT('',(0.00892023809523809,0.00317499999999998,0.0018330871046771));
#1138=CARTESIAN_POINT('',(0.00884464285714286,0.003175,7.50629468699637E-17));
#1139=CARTESIAN_POINT('',(0.00876904761904761,0.00317500000000001,-0.00183308710467706));
#1140=CARTESIAN_POINT('',(0.00869345238095238,0.00158750000000005,-0.00274963065701557));
#1141=CARTESIAN_POINT('',(0.00861785714285715,1.06212526056737E-16,-0.00366617420935412));
#1142=CARTESIAN_POINT('',(0.0085422619047619,-0.00158749999999997,-0.00274963065701561));
#1143=CARTESIAN_POINT('',(0.00846666666666667,-0.00317499999999996,-0.00183308710467714));
#1144=CARTESIAN_POINT('',(0.00839107142857143,-0.003175,-1.86636172190057E-17));
#1145=CARTESIAN_POINT('',(0.00831547619047619,-0.00317500000000003,0.00183308710467701));
#1146=CARTESIAN_POINT('',(0.00823988095238095,-0.00158750000000008,0.00274963065701555));
#1147=CARTESIAN_POINT('',(0.00816428571428571,-4.15371665956073E-17,0.00366617420935412));
#1148=CARTESIAN_POINT('',(0.00808869047619048,0.00158749999999994,0.00274963065701563));
#1149=CARTESIAN_POINT('',(0.00801309523809523,0.00317499999999999,0.00183308710467706));
#1150=CARTESIAN_POINT('',(0.0079375,0.003175,5.32808657270391E-17));
#1151=CARTESIAN_POINT('',(0.00786190476190476,0.00317500000000005,-0.00183308710467697));
#1152=CARTESIAN_POINT('',(0.00778630952380952,0.00158750000000003,-0.00274963065701558));
#1153=CARTESIAN_POINT('',(0.00771071428571428,8.10607452339817E-17,-0.00366617420935412));
#1154=CARTESIAN_POINT('',(0.00763511904761905,-0.0015875,-0.0027496306570156));
#1155=CARTESIAN_POINT('',(0.0075595238095238,-0.00317499999999997,-0.00183308710467711));
#1156=CARTESIAN_POINT('',(0.00748392857142857,-0.003175,-8.71204635176139E-17));
#1157=CARTESIAN_POINT('',(0.00740833333333333,-0.00317500000000002,0.00183308710467703));
#1158=CARTESIAN_POINT('',(0.00733273809523809,-0.00158750000000006,0.00274963065701556));
#1159=CARTESIAN_POINT('',(0.00725714285714286,-1.63853857728517E-17,0.00366617420935412));
#1160=CARTESIAN_POINT('',(0.00718154761904762,0.00158749999999996,0.00274963065701562));
#1161=CARTESIAN_POINT('',(0.00710595238095238,0.00317499999999995,0.00183308710467715));
#1162=CARTESIAN_POINT('',(0.00703035714285714,0.003175,3.14987845841144E-17));
#1163=CARTESIAN_POINT('',(0.0069547619047619,0.00317500000000004,-0.001833087104677));
#1164=CARTESIAN_POINT('',(0.00687916666666667,0.0015875,-0.00274963065701559));
#1165=CARTESIAN_POINT('',(0.00680357142857143,5.5908964411226E-17,-0.00366617420935412));
#1166=CARTESIAN_POINT('',(0.00672797619047619,-0.00158749999999993,-0.00274963065701563));
#1167=CARTESIAN_POINT('',(0.00665238095238095,-0.00317499999999998,-0.00183308710467709));
#1168=CARTESIAN_POINT('',(0.00657678571428572,-0.003175,-6.53383823746892E-17));
#1169=CARTESIAN_POINT('',(0.00650119047619048,-0.00317500000000006,0.00183308710467696));
#1170=CARTESIAN_POINT('',(0.00642559523809524,-0.00158750000000004,0.00274963065701557));
#1171=CARTESIAN_POINT('',(0.00634999999999999,-9.54325430496002E-17,0.00366617420935412));
#1172=CARTESIAN_POINT('',(0.00627440476190476,0.00158749999999997,0.00274963065701561));
#1173=CARTESIAN_POINT('',(0.00619880952380953,0.00317499999999997,0.00183308710467712));
#1174=CARTESIAN_POINT('',(0.00612321428571428,0.003175,9.99556308827226E-17));
#1175=CARTESIAN_POINT('',(0.00604761904761905,0.00317500000000002,-0.00183308710467702));
#1176=CARTESIAN_POINT('',(0.00597202380952381,0.00158750000000007,-0.00274963065701555));
#1177=CARTESIAN_POINT('',(0.00589642857142857,3.07571835884704E-17,-0.00366617420935412));
#1178=CARTESIAN_POINT('',(0.00582083333333333,-0.00158749999999994,-0.00274963065701562));
#1179=CARTESIAN_POINT('',(0.00574523809523809,-0.00317499999999994,-0.00183308710467716));
#1180=CARTESIAN_POINT('',(0.00566964285714286,-0.003175,-4.35563012317646E-17));
#1181=CARTESIAN_POINT('',(0.00559404761904762,-0.00317500000000005,0.00183308710467699));
#1182=CARTESIAN_POINT('',(0.00551845238095238,-0.00158750000000002,0.00274963065701559));
#1183=CARTESIAN_POINT('',(0.00544285714285714,-7.02807622268447E-17,0.00366617420935412));
#1184=CARTESIAN_POINT('',(0.0053672619047619,0.00158749999999992,0.00274963065701564));
#1185=CARTESIAN_POINT('',(0.00529166666666667,0.00317499999999998,0.00183308710467711));
#1186=CARTESIAN_POINT('',(0.00521607142857143,0.003175,7.8173549739798E-17));
#1187=CARTESIAN_POINT('',(0.00514047619047619,0.00317500000000001,-0.00183308710467706));
#1188=CARTESIAN_POINT('',(0.00506488095238095,0.00158750000000006,-0.00274963065701557));
#1189=CARTESIAN_POINT('',(0.00498928571428571,1.09804340865219E-16,-0.00366617420935412));
#1190=CARTESIAN_POINT('',(0.00491369047619047,-0.00158749999999997,-0.00274963065701561));
#1191=CARTESIAN_POINT('',(0.00483809523809524,-0.00317499999999996,-0.00183308710467714));
#1192=CARTESIAN_POINT('',(0.0047625,-0.003175,-2.17742200888399E-17));
#1193=CARTESIAN_POINT('',(0.0047625,-0.003175,-1.088711004442E-17));
#1194=CARTESIAN_POINT('',(0.0047625,0.,1.94412679364643E-19));
#1195=CARTESIAN_POINT('',(0.005207,-0.003175,3.08148791101958E-33));
#1196=CARTESIAN_POINT('',(0.0047625,0.00549926131403119,0.003175));
#1197=CARTESIAN_POINT('',(0.000567159123978664,0.00366617420935409,0.00635000000000007));
#1198=CARTESIAN_POINT('',(0.000220900559003866,0.00426591163644632,0.00531122430507569));
#1199=CARTESIAN_POINT('',(-1.84387906193322E-18,0.00487465315833865,0.00425685306048137));
#1200=CARTESIAN_POINT('',(-1.56362282063144E-18,0.00549926131403119,0.003175));
#1201=CARTESIAN_POINT('',(0.00056715912397921,0.00366617420935413,0.00635));
#1202=CARTESIAN_POINT('',(0.,0.00549926131403119,0.003175));
#1203=CARTESIAN_POINT('',(0.0047625,0.00366617420935413,0.00635));
#1204=CARTESIAN_POINT('',(0.00419534087602119,0.00366617420935482,0.00635));
#1205=CARTESIAN_POINT('',(0.0047625,0.00549926131403119,0.003175));
#1206=CARTESIAN_POINT('',(0.0047625,0.00487698810266716,0.00425280881827154));
#1207=CARTESIAN_POINT('',(0.00454073501263248,0.00426441440260151,0.00531381759016571));
#1208=CARTESIAN_POINT('',(0.00419534087602118,0.0036661742093543,0.0063499999999997));
#1209=CARTESIAN_POINT('',(0.0047625,0.00549926131403119,0.003175));
#1210=CARTESIAN_POINT('',(0.00419534087602134,0.00733234841870829,-6.78040990357289E-17));
#1211=CARTESIAN_POINT('',(0.00454159944099613,0.00673261099161606,0.00103877569492431));
#1212=CARTESIAN_POINT('',(0.0047625,0.00612386946972373,0.00209314693951862));
#1213=CARTESIAN_POINT('',(0.0047625,0.00549926131403119,0.003175));
#1214=CARTESIAN_POINT('',(0.00419534087602079,0.00733234841870825,-7.85009689310949E-20));
#1215=CARTESIAN_POINT('',(0.0047625,0.00733234841870825,1.3010426069826E-18));
#1216=CARTESIAN_POINT('',(0.000567159123979211,0.00733234841870825,-1.04885716849786E-19));
#1217=CARTESIAN_POINT('',(-1.25513491016652E-18,0.00549926131403119,0.003175));
#1218=CARTESIAN_POINT('',(-1.01581327692868E-18,0.00612153452539529,0.00209719118172834));
#1219=CARTESIAN_POINT('',(0.000221764987367567,0.00673410822546101,0.00103618240983405));
#1220=CARTESIAN_POINT('',(0.000567159123978934,0.00733234841870828,-4.16315841579458E-17));
#1221=CARTESIAN_POINT('',(0.0047625,0.,0.00635));
#1222=CARTESIAN_POINT('',(0.000567159123979379,-0.00366617420935471,0.00635));
#1223=CARTESIAN_POINT('',(0.000222662344594247,-0.00247280235947706,0.00635));
#1224=CARTESIAN_POINT('',(-9.32171662559594E-20,-0.00125593654829727,0.00635));
#1225=CARTESIAN_POINT('',(-2.47186770190133E-21,7.94677263664476E-19,0.00635));
#1226=CARTESIAN_POINT('',(0.000567159123978809,-0.00366617420935482,0.00635));
#1227=CARTESIAN_POINT('',(0.,0.,0.00635));
#1228=CARTESIAN_POINT('',(0.0047625,-0.00366617420935413,0.00635));
#1229=CARTESIAN_POINT('',(0.00419534087602079,-0.00366617420935413,0.00635));
#1230=CARTESIAN_POINT('',(0.0047625,1.85989759352894E-20,0.00635));
#1231=CARTESIAN_POINT('',(0.0047625,-0.00125647844216304,0.00635));
#1232=CARTESIAN_POINT('',(0.0045399432461935,-0.00247243658225854,0.00635));
#1233=CARTESIAN_POINT('',(0.00419534087602079,-0.00366617420935412,0.00635));
#1234=CARTESIAN_POINT('',(0.0047625,0.,0.00635));
#1235=CARTESIAN_POINT('',(0.00419534087602062,0.00366617420935471,0.00635));
#1236=CARTESIAN_POINT('',(0.00453983765540575,0.00247280235947706,0.00635));
#1237=CARTESIAN_POINT('',(0.0047625,0.00125593654829727,0.00635));
#1238=CARTESIAN_POINT('',(0.0047625,-1.83672081671464E-18,0.00635));
#1239=CARTESIAN_POINT('',(-2.47186770190133E-21,7.94677263664476E-19,0.00635));
#1240=CARTESIAN_POINT('',(8.83125843593148E-20,0.00125647844216304,0.00635));
#1241=CARTESIAN_POINT('',(0.000222556753806501,0.00247243658225855,0.00635));
#1242=CARTESIAN_POINT('',(0.00056715912397921,0.00366617420935413,0.00635));
#1243=CARTESIAN_POINT('',(0.0047625,-0.00549926131403119,0.003175));
#1244=CARTESIAN_POINT('',(0.000567159123978664,-0.00733234841870829,-6.58209368258554E-17));
#1245=CARTESIAN_POINT('',(0.000220900559003867,-0.00673261099161606,0.00103877569492431));
#1246=CARTESIAN_POINT('',(-8.80089500376617E-19,-0.00612386946972373,0.00209314693951863));
#1247=CARTESIAN_POINT('',(-1.2404189534789E-18,-0.00549926131403119,0.003175));
#1248=CARTESIAN_POINT('',(0.000567159123979209,-0.00733234841870825,1.90360468169189E-18));
#1249=CARTESIAN_POINT('',(0.,-0.00549926131403119,0.003175));
#1250=CARTESIAN_POINT('',(0.0047625,-0.00733234841870825,1.7347234759768E-18));
#1251=CARTESIAN_POINT('',(0.00419534087602079,-0.00733234841870825,1.79507044069581E-18));
#1252=CARTESIAN_POINT('',(0.0047625,-0.00549926131403119,0.003175));
#1253=CARTESIAN_POINT('',(0.0047625,-0.00612153452539529,0.00209719118172834));
#1254=CARTESIAN_POINT('',(0.00454073501263244,-0.006734108225461,0.00103618240983406));
#1255=CARTESIAN_POINT('',(0.00419534087602107,-0.00733234841870827,-3.44690359192455E-17));
#1256=CARTESIAN_POINT('',(0.0047625,-0.00549926131403119,0.003175));
#1257=CARTESIAN_POINT('',(0.00419534087602134,-0.00366617420935409,0.00635000000000007));
#1258=CARTESIAN_POINT('',(0.00454159944099613,-0.00426591163644632,0.00531122430507569));
#1259=CARTESIAN_POINT('',(0.0047625,-0.00487465315833865,0.00425685306048137));
#1260=CARTESIAN_POINT('',(0.0047625,-0.00549926131403119,0.003175));
#1261=CARTESIAN_POINT('',(-1.36561191200819E-18,-0.00549926131403119,0.003175));
#1262=CARTESIAN_POINT('',(-1.64482048411898E-18,-0.00487698810266716,0.00425280881827154));
#1263=CARTESIAN_POINT('',(0.000221764987367517,-0.00426441440260151,0.00531381759016572));
#1264=CARTESIAN_POINT('',(0.00056715912397882,-0.0036661742093543,0.0063499999999997));
#1265=CARTESIAN_POINT('',(0.0047625,-0.00549926131403119,-0.003175));
#1266=CARTESIAN_POINT('',(0.000567159123978568,-0.00366617420935426,-0.00634999999999978));
#1267=CARTESIAN_POINT('',(0.000220900559003824,-0.00426591163644643,-0.0053112243050755));
#1268=CARTESIAN_POINT('',(-1.15699672445024E-18,-0.00487465315833871,-0.00425685306048128));
#1269=CARTESIAN_POINT('',(-1.19703333035049E-18,-0.00549926131403119,-0.003175));
#1270=CARTESIAN_POINT('',(0.000567159123978862,-0.00366617420935472,-0.00635));
#1271=CARTESIAN_POINT('',(0.,-0.00549926131403119,-0.003175));
#1272=CARTESIAN_POINT('',(0.0047625,-0.00366617420935413,-0.00635));
#1273=CARTESIAN_POINT('',(0.00419534087602119,-0.00366617420935482,-0.00635));
#1274=CARTESIAN_POINT('',(0.0047625,-0.00549926131403119,-0.003175));
#1275=CARTESIAN_POINT('',(0.0047625,-0.00487698810266716,-0.00425280881827154));
#1276=CARTESIAN_POINT('',(0.00454073501263248,-0.00426441440260151,-0.00531381759016572));
#1277=CARTESIAN_POINT('',(0.00419534087602118,-0.0036661742093543,-0.0063499999999997));
#1278=CARTESIAN_POINT('',(0.0047625,-0.00549926131403119,-0.003175));
#1279=CARTESIAN_POINT('',(0.00419534087602133,-0.00733234841870829,6.85327971789125E-17));
#1280=CARTESIAN_POINT('',(0.00454159944099613,-0.00673261099161606,-0.00103877569492431));
#1281=CARTESIAN_POINT('',(0.0047625,-0.00612386946972373,-0.00209314693951863));
#1282=CARTESIAN_POINT('',(0.0047625,-0.00549926131403119,-0.003175));
#1283=CARTESIAN_POINT('',(-1.50552124081541E-18,-0.00549926131403119,-0.003175));
#1284=CARTESIAN_POINT('',(-1.50552124081541E-18,-0.00612153452539529,-0.00209719118172834));
#1285=CARTESIAN_POINT('',(0.000221764987367566,-0.006734108225461,-0.00103618240983405));
#1286=CARTESIAN_POINT('',(0.000567159123978934,-0.00733234841870827,4.00626735852486E-17));
#1287=CARTESIAN_POINT('',(0.0047625,-8.67361737988404E-19,-0.00635));
#1288=CARTESIAN_POINT('',(0.000567159123979209,0.00366617420935412,-0.00635));
#1289=CARTESIAN_POINT('',(0.000222662344594173,0.00247280235947666,-0.00635));
#1290=CARTESIAN_POINT('',(-2.10729318613427E-19,0.00125593654829706,-0.00635));
#1291=CARTESIAN_POINT('',(-2.47186770190133E-21,-3.32607256598379E-18,-0.00635));
#1292=CARTESIAN_POINT('',(0.00056715912397921,0.00366617420935412,-0.00635));
#1293=CARTESIAN_POINT('',(0.,-1.50231459873716E-18,-0.00635));
#1294=CARTESIAN_POINT('',(0.0047625,0.00366617420935412,-0.00635));
#1295=CARTESIAN_POINT('',(0.00419534087602079,0.00366617420935412,-0.00635));
#1296=CARTESIAN_POINT('',(0.0047625,-8.10892413318726E-19,-0.00635));
#1297=CARTESIAN_POINT('',(0.0047625,0.00125647844216304,-0.00635));
#1298=CARTESIAN_POINT('',(0.0045399432461935,0.00247243658225854,-0.00635));
#1299=CARTESIAN_POINT('',(0.00419534087602079,0.00366617420935412,-0.00635));
#1300=CARTESIAN_POINT('',(0.0047625,-1.50231459873716E-18,-0.00635));
#1301=CARTESIAN_POINT('',(0.00419534087602062,-0.00366617420935471,-0.00635));
#1302=CARTESIAN_POINT('',(0.00453983765540575,-0.00247280235947706,-0.00635));
#1303=CARTESIAN_POINT('',(0.0047625,-0.00125593654829727,-0.00635));
#1304=CARTESIAN_POINT('',(0.0047625,8.86561612978892E-19,-0.00635));
#1305=CARTESIAN_POINT('',(-2.47187416424987E-21,-1.57226922890674E-18,-0.00635));
#1306=CARTESIAN_POINT('',(5.51978868993268E-21,-0.00125647844216322,-0.00635));
#1307=CARTESIAN_POINT('',(0.000222556753806564,-0.00247243658225889,-0.00635));
#1308=CARTESIAN_POINT('',(0.000567159123979355,-0.00366617420935463,-0.00635));
#1309=CARTESIAN_POINT('',(0.0047625,0.00549926131403118,-0.003175));
#1310=CARTESIAN_POINT('',(0.000567159123978661,0.00733234841870828,7.28494226619083E-17));
#1311=CARTESIAN_POINT('',(0.000220900559003862,0.00673261099161605,-0.00103877569492431));
#1312=CARTESIAN_POINT('',(-6.3925700554941E-18,0.00612386946972372,-0.00209314693951862));
#1313=CARTESIAN_POINT('',(-6.67282629679587E-18,0.00549926131403118,-0.00317499999999999));
#1314=CARTESIAN_POINT('',(0.,0.00549926131403119,-0.003175));
#1315=CARTESIAN_POINT('',(0.00476250000000001,0.00549926131403118,-0.003175));
#1316=CARTESIAN_POINT('',(0.00476250000000001,0.00612153452539528,-0.00209719118172833));
#1317=CARTESIAN_POINT('',(0.00454073501263244,0.006734108225461,-0.00103618240983405));
#1318=CARTESIAN_POINT('',(0.00419534087602107,0.00733234841870827,4.52768851586348E-17));
#1319=CARTESIAN_POINT('',(0.0047625,0.00549926131403119,-0.003175));
#1320=CARTESIAN_POINT('',(0.00419534087602134,0.00366617420935408,-0.00635000000000007));
#1321=CARTESIAN_POINT('',(0.00454159944099614,0.00426591163644631,-0.00531122430507569));
#1322=CARTESIAN_POINT('',(0.00476250000000001,0.00487465315833864,-0.00425685306048137));
#1323=CARTESIAN_POINT('',(0.00476250000000001,0.00549926131403118,-0.003175));
#1324=CARTESIAN_POINT('',(-6.79801925532516E-18,0.00549926131403118,-0.003175));
#1325=CARTESIAN_POINT('',(-7.03734088856301E-18,0.00487698810266709,-0.00425280881827166));
#1326=CARTESIAN_POINT('',(0.000221764987367561,0.00426441440260137,-0.00531381759016594));
#1327=CARTESIAN_POINT('',(0.000567159123978929,0.0036661742093541,-0.00635000000000004));
#1328=CARTESIAN_POINT('',(0.0047625,0.,3.88825358729284E-19));
#1329=CARTESIAN_POINT('',(0.0047625,0.,3.88825358729284E-19));
#1330=CARTESIAN_POINT('',(0.0047625,0.,3.88825358729284E-19));
#1331=CARTESIAN_POINT('',(0.0047625,0.,3.88825358729284E-19));
#1332=CARTESIAN_POINT('',(0.0047625,0.,3.88825358729284E-19));
#1333=CARTESIAN_POINT('',(0.0047625,0.,3.88825358729284E-19));
#1334=CARTESIAN_POINT('',(0.0047625,0.,3.88825358729284E-19));
#1335=CARTESIAN_POINT('',(0.0047625,0.,3.88825358729284E-19));
#1336=CARTESIAN_POINT('',(0.0047625,0.,3.88825358729284E-19));
#1337=CARTESIAN_POINT('',(0.0047625,0.,3.88825358729284E-19));
#1338=CARTESIAN_POINT('',(0.0047625,0.,3.88825358729284E-19));
#1339=CARTESIAN_POINT('',(0.0047625,0.,3.88825358729284E-19));
#1340=CARTESIAN_POINT('',(0.0047625,0.,0.));
#1341=CARTESIAN_POINT('',(0.,0.,3.88825358729284E-19));
#1342=CARTESIAN_POINT('',(0.,0.,3.88825358729284E-19));
#1343=CARTESIAN_POINT('',(0.,0.,3.88825358729284E-19));
#1344=CARTESIAN_POINT('',(0.,0.,3.88825358729284E-19));
#1345=CARTESIAN_POINT('',(0.,0.,3.88825358729284E-19));
#1346=CARTESIAN_POINT('',(0.,0.,3.88825358729284E-19));
#1347=CARTESIAN_POINT('',(0.,0.,3.88825358729284E-19));
#1348=CARTESIAN_POINT('',(0.,0.,3.88825358729284E-19));
#1349=CARTESIAN_POINT('',(0.,0.,3.88825358729284E-19));
#1350=CARTESIAN_POINT('',(0.,0.,3.88825358729284E-19));
#1351=CARTESIAN_POINT('',(0.,0.,3.88825358729284E-19));
#1352=CARTESIAN_POINT('',(0.,0.,3.88825358729284E-19));
#1353=CARTESIAN_POINT('',(0.,0.,0.));
#1354=CARTESIAN_POINT('',(0.0307341438035662,0.00188242516465685,0.00255677541044704));
#1355=CARTESIAN_POINT('',(0.0306641225038554,0.003175,0.00160511755762581));
#1356=CARTESIAN_POINT('',(0.0305979285714286,0.003175,7.7765071745857E-19));
#1357=CARTESIAN_POINT('',(0.0305223333333333,0.003175,-0.00183308710467706));
#1358=CARTESIAN_POINT('',(0.0304467380952381,0.0015875,-0.0027496306570156));
#1359=CARTESIAN_POINT('',(0.0303711428571428,8.97953702120422E-19,-0.00366617420935412));
#1360=CARTESIAN_POINT('',(0.0302955476190476,-0.0015875,-0.0027496306570156));
#1361=CARTESIAN_POINT('',(0.0302199523809524,-0.003175,-0.00183308710467706));
#1362=CARTESIAN_POINT('',(0.0301443571428571,-0.003175,0.));
#1363=CARTESIAN_POINT('',(0.0300687619047619,-0.003175,0.00183308710467706));
#1364=CARTESIAN_POINT('',(0.0299931666666667,-0.0015875,0.0027496306570156));
#1365=CARTESIAN_POINT('',(0.0299175714285714,-4.48976851060211E-19,0.00366617420935412));
#1366=CARTESIAN_POINT('',(0.0298419761904762,0.0015875,0.0027496306570156));
#1367=CARTESIAN_POINT('',(0.029766380952381,0.003175,0.00183308710467706));
#1368=CARTESIAN_POINT('',(0.0296907857142857,0.003175,7.7765071745857E-19));
#1369=CARTESIAN_POINT('',(0.0296151904761905,0.003175,-0.00183308710467706));
#1370=CARTESIAN_POINT('',(0.0295395952380953,0.0015875,-0.0027496306570156));
#1371=CARTESIAN_POINT('',(0.029464,8.97953702120422E-19,-0.00366617420935412));
#1372=CARTESIAN_POINT('',(0.0293884047619047,-0.0015875,-0.0027496306570156));
#1373=CARTESIAN_POINT('',(0.0293128095238095,-0.003175,-0.00183308710467706));
#1374=CARTESIAN_POINT('',(0.0292372142857143,-0.003175,0.));
#1375=CARTESIAN_POINT('',(0.029161619047619,-0.003175,0.00183308710467706));
#1376=CARTESIAN_POINT('',(0.0290860238095238,-0.0015875,0.0027496306570156));
#1377=CARTESIAN_POINT('',(0.0290104285714286,-4.48976851060211E-19,0.00366617420935412));
#1378=CARTESIAN_POINT('',(0.0289348333333334,0.0015875,0.0027496306570156));
#1379=CARTESIAN_POINT('',(0.0288592380952381,0.003175,0.00183308710467706));
#1380=CARTESIAN_POINT('',(0.0287836428571428,0.003175,7.7765071745857E-19));
#1381=CARTESIAN_POINT('',(0.0287080476190476,0.003175,-0.00183308710467706));
#1382=CARTESIAN_POINT('',(0.0286324523809524,0.0015875,-0.0027496306570156));
#1383=CARTESIAN_POINT('',(0.0285568571428571,8.97953702120422E-19,-0.00366617420935412));
#1384=CARTESIAN_POINT('',(0.0284812619047619,-0.0015875,-0.0027496306570156));
#1385=CARTESIAN_POINT('',(0.0284056666666667,-0.003175,-0.00183308710467706));
#1386=CARTESIAN_POINT('',(0.0283300714285715,-0.003175,0.));
#1387=CARTESIAN_POINT('',(0.0282544761904762,-0.003175,0.00183308710467706));
#1388=CARTESIAN_POINT('',(0.028178880952381,-0.0015875,0.0027496306570156));
#1389=CARTESIAN_POINT('',(0.0281032857142857,-4.48976851060211E-19,0.00366617420935412));
#1390=CARTESIAN_POINT('',(0.0280276904761905,0.0015875,0.0027496306570156));
#1391=CARTESIAN_POINT('',(0.0279520952380952,0.003175,0.00183308710467706));
#1392=CARTESIAN_POINT('',(0.0278765,0.003175,7.7765071745857E-19));
#1393=CARTESIAN_POINT('',(0.0278009047619048,0.003175,-0.00183308710467706));
#1394=CARTESIAN_POINT('',(0.0277253095238096,0.0015875,-0.0027496306570156));
#1395=CARTESIAN_POINT('',(0.0276497142857143,8.97953702120422E-19,-0.00366617420935412));
#1396=CARTESIAN_POINT('',(0.0275741190476191,-0.0015875,-0.0027496306570156));
#1397=CARTESIAN_POINT('',(0.0274985238095238,-0.003175,-0.00183308710467706));
#1398=CARTESIAN_POINT('',(0.0274229285714286,-0.003175,0.));
#1399=CARTESIAN_POINT('',(0.0273473333333333,-0.003175,0.00183308710467706));
#1400=CARTESIAN_POINT('',(0.0272717380952381,-0.0015875,0.0027496306570156));
#1401=CARTESIAN_POINT('',(0.0271961428571429,-4.48976851060211E-19,0.00366617420935412));
#1402=CARTESIAN_POINT('',(0.0271205476190476,0.0015875,0.0027496306570156));
#1403=CARTESIAN_POINT('',(0.0270449523809524,0.003175,0.00183308710467706));
#1404=CARTESIAN_POINT('',(0.0269693571428571,0.003175,7.7765071745857E-19));
#1405=CARTESIAN_POINT('',(0.0268937619047619,0.003175,-0.00183308710467706));
#1406=CARTESIAN_POINT('',(0.0268181666666666,0.0015875,-0.0027496306570156));
#1407=CARTESIAN_POINT('',(0.0267425714285714,8.97953702120422E-19,-0.00366617420935412));
#1408=CARTESIAN_POINT('',(0.0266669761904762,-0.0015875,-0.0027496306570156));
#1409=CARTESIAN_POINT('',(0.026591380952381,-0.003175,-0.00183308710467706));
#1410=CARTESIAN_POINT('',(0.0265157857142857,-0.003175,0.));
#1411=CARTESIAN_POINT('',(0.0264401904761905,-0.003175,0.00183308710467706));
#1412=CARTESIAN_POINT('',(0.0263645952380952,-0.0015875,0.0027496306570156));
#1413=CARTESIAN_POINT('',(0.026289,-4.48976851060211E-19,0.00366617420935412));
#1414=CARTESIAN_POINT('',(0.0262134047619048,0.0015875,0.0027496306570156));
#1415=CARTESIAN_POINT('',(0.0261378095238095,0.003175,0.00183308710467706));
#1416=CARTESIAN_POINT('',(0.0260622142857143,0.003175,7.7765071745857E-19));
#1417=CARTESIAN_POINT('',(0.0259866190476191,0.003175,-0.00183308710467706));
#1418=CARTESIAN_POINT('',(0.0259110238095238,0.0015875,-0.0027496306570156));
#1419=CARTESIAN_POINT('',(0.0258354285714286,8.97953702120422E-19,-0.00366617420935412));
#1420=CARTESIAN_POINT('',(0.0257598333333333,-0.0015875,-0.0027496306570156));
#1421=CARTESIAN_POINT('',(0.0256842380952381,-0.003175,-0.00183308710467706));
#1422=CARTESIAN_POINT('',(0.0256086428571429,-0.003175,0.));
#1423=CARTESIAN_POINT('',(0.0255330476190476,-0.003175,0.00183308710467706));
#1424=CARTESIAN_POINT('',(0.0254574523809524,-0.0015875,0.0027496306570156));
#1425=CARTESIAN_POINT('',(0.0253818571428571,-4.48976851060211E-19,0.00366617420935412));
#1426=CARTESIAN_POINT('',(0.0253062619047619,0.0015875,0.0027496306570156));
#1427=CARTESIAN_POINT('',(0.0252306666666667,0.003175,0.00183308710467706));
#1428=CARTESIAN_POINT('',(0.0251550714285715,0.003175,7.7765071745857E-19));
#1429=CARTESIAN_POINT('',(0.0250794761904762,0.003175,-0.00183308710467706));
#1430=CARTESIAN_POINT('',(0.025003880952381,0.0015875,-0.0027496306570156));
#1431=CARTESIAN_POINT('',(0.0249282857142857,8.97953702120422E-19,-0.00366617420935412));
#1432=CARTESIAN_POINT('',(0.0248526904761905,-0.0015875,-0.0027496306570156));
#1433=CARTESIAN_POINT('',(0.0247770952380952,-0.003175,-0.00183308710467706));
#1434=CARTESIAN_POINT('',(0.0247015,-0.003175,0.));
#1435=CARTESIAN_POINT('',(0.0246259047619048,-0.003175,0.00183308710467706));
#1436=CARTESIAN_POINT('',(0.0245503095238096,-0.0015875,0.0027496306570156));
#1437=CARTESIAN_POINT('',(0.0244747142857143,-4.48976851060211E-19,0.00366617420935412));
#1438=CARTESIAN_POINT('',(0.0243991190476191,0.0015875,0.0027496306570156));
#1439=CARTESIAN_POINT('',(0.0243235238095238,0.003175,0.00183308710467706));
#1440=CARTESIAN_POINT('',(0.0242479285714286,0.003175,7.7765071745857E-19));
#1441=CARTESIAN_POINT('',(0.0241723333333333,0.003175,-0.00183308710467706));
#1442=CARTESIAN_POINT('',(0.0240967380952381,0.0015875,-0.0027496306570156));
#1443=CARTESIAN_POINT('',(0.0240211428571429,8.97953702120422E-19,-0.00366617420935412));
#1444=CARTESIAN_POINT('',(0.0239455476190476,-0.0015875,-0.0027496306570156));
#1445=CARTESIAN_POINT('',(0.0238699523809524,-0.003175,-0.00183308710467706));
#1446=CARTESIAN_POINT('',(0.0237943571428571,-0.003175,0.));
#1447=CARTESIAN_POINT('',(0.0237187619047619,-0.003175,0.00183308710467706));
#1448=CARTESIAN_POINT('',(0.0236431666666667,-0.0015875,0.0027496306570156));
#1449=CARTESIAN_POINT('',(0.0235675714285715,-4.48976851060211E-19,0.00366617420935412));
#1450=CARTESIAN_POINT('',(0.0234919761904762,0.0015875,0.0027496306570156));
#1451=CARTESIAN_POINT('',(0.0234163809523809,0.003175,0.00183308710467706));
#1452=CARTESIAN_POINT('',(0.0233407857142857,0.003175,7.7765071745857E-19));
#1453=CARTESIAN_POINT('',(0.0232651904761905,0.003175,-0.00183308710467706));
#1454=CARTESIAN_POINT('',(0.0231895952380952,0.0015875,-0.0027496306570156));
#1455=CARTESIAN_POINT('',(0.023114,8.97953702120422E-19,-0.00366617420935412));
#1456=CARTESIAN_POINT('',(0.0230384047619047,-0.0015875,-0.0027496306570156));
#1457=CARTESIAN_POINT('',(0.0229628095238095,-0.003175,-0.00183308710467706));
#1458=CARTESIAN_POINT('',(0.0228872142857143,-0.003175,0.));
#1459=CARTESIAN_POINT('',(0.0228116190476191,-0.003175,0.00183308710467706));
#1460=CARTESIAN_POINT('',(0.0227360238095238,-0.0015875,0.0027496306570156));
#1461=CARTESIAN_POINT('',(0.0226604285714286,-4.48976851060211E-19,0.00366617420935412));
#1462=CARTESIAN_POINT('',(0.0225848333333333,0.0015875,0.0027496306570156));
#1463=CARTESIAN_POINT('',(0.0225092380952381,0.003175,0.00183308710467706));
#1464=CARTESIAN_POINT('',(0.0224336428571428,0.003175,7.7765071745857E-19));
#1465=CARTESIAN_POINT('',(0.0223580476190476,0.003175,-0.00183308710467706));
#1466=CARTESIAN_POINT('',(0.0222824523809524,0.0015875,-0.0027496306570156));
#1467=CARTESIAN_POINT('',(0.0222068571428571,8.97953702120422E-19,-0.00366617420935412));
#1468=CARTESIAN_POINT('',(0.0221312619047619,-0.0015875,-0.0027496306570156));
#1469=CARTESIAN_POINT('',(0.0220556666666667,-0.003175,-0.00183308710467706));
#1470=CARTESIAN_POINT('',(0.0219800714285714,-0.003175,0.));
#1471=CARTESIAN_POINT('',(0.0219044761904762,-0.003175,0.00183308710467706));
#1472=CARTESIAN_POINT('',(0.021828880952381,-0.0015875,0.0027496306570156));
#1473=CARTESIAN_POINT('',(0.0217532857142857,-4.48976851060211E-19,0.00366617420935412));
#1474=CARTESIAN_POINT('',(0.0216776904761905,0.0015875,0.0027496306570156));
#1475=CARTESIAN_POINT('',(0.0216020952380953,0.003175,0.00183308710467706));
#1476=CARTESIAN_POINT('',(0.0215265,0.003175,7.7765071745857E-19));
#1477=CARTESIAN_POINT('',(0.0214509047619047,0.003175,-0.00183308710467706));
#1478=CARTESIAN_POINT('',(0.0213753095238095,0.0015875,-0.0027496306570156));
#1479=CARTESIAN_POINT('',(0.0212997142857143,8.97953702120422E-19,-0.00366617420935412));
#1480=CARTESIAN_POINT('',(0.0212241190476191,-0.0015875,-0.0027496306570156));
#1481=CARTESIAN_POINT('',(0.0211485238095238,-0.003175,-0.00183308710467706));
#1482=CARTESIAN_POINT('',(0.0210729285714286,-0.003175,0.));
#1483=CARTESIAN_POINT('',(0.0209973333333333,-0.003175,0.00183308710467706));
#1484=CARTESIAN_POINT('',(0.0209217380952381,-0.0015875,0.0027496306570156));
#1485=CARTESIAN_POINT('',(0.0208461428571429,-4.48976851060211E-19,0.00366617420935412));
#1486=CARTESIAN_POINT('',(0.0207705476190476,0.0015875,0.0027496306570156));
#1487=CARTESIAN_POINT('',(0.0206949523809524,0.003175,0.00183308710467706));
#1488=CARTESIAN_POINT('',(0.0206193571428571,0.003175,7.7765071745857E-19));
#1489=CARTESIAN_POINT('',(0.0205437619047619,0.003175,-0.00183308710467706));
#1490=CARTESIAN_POINT('',(0.0204681666666666,0.0015875,-0.0027496306570156));
#1491=CARTESIAN_POINT('',(0.0203925714285714,8.97953702120422E-19,-0.00366617420935412));
#1492=CARTESIAN_POINT('',(0.0203169761904762,-0.0015875,-0.0027496306570156));
#1493=CARTESIAN_POINT('',(0.0202413809523809,-0.003175,-0.00183308710467706));
#1494=CARTESIAN_POINT('',(0.0201657857142857,-0.003175,0.));
#1495=CARTESIAN_POINT('',(0.0200901904761905,-0.003175,0.00183308710467706));
#1496=CARTESIAN_POINT('',(0.0200145952380953,-0.0015875,0.0027496306570156));
#1497=CARTESIAN_POINT('',(0.019939,-4.48976851060211E-19,0.00366617420935412));
#1498=CARTESIAN_POINT('',(0.0198634047619048,0.0015875,0.0027496306570156));
#1499=CARTESIAN_POINT('',(0.0197878095238095,0.003175,0.00183308710467706));
#1500=CARTESIAN_POINT('',(0.0197122142857143,0.003175,7.7765071745857E-19));
#1501=CARTESIAN_POINT('',(0.0196366190476191,0.003175,-0.00183308710467706));
#1502=CARTESIAN_POINT('',(0.0195610238095238,0.0015875,-0.0027496306570156));
#1503=CARTESIAN_POINT('',(0.0194854285714285,8.97953702120422E-19,-0.00366617420935412));
#1504=CARTESIAN_POINT('',(0.0194098333333334,-0.0015875,-0.0027496306570156));
#1505=CARTESIAN_POINT('',(0.0193342380952381,-0.003175,-0.00183308710467706));
#1506=CARTESIAN_POINT('',(0.0192586428571428,-0.003175,0.));
#1507=CARTESIAN_POINT('',(0.0191830476190476,-0.003175,0.00183308710467706));
#1508=CARTESIAN_POINT('',(0.0191074523809524,-0.0015875,0.0027496306570156));
#1509=CARTESIAN_POINT('',(0.0190318571428571,-4.48976851060211E-19,0.00366617420935412));
#1510=CARTESIAN_POINT('',(0.0189562619047619,0.0015875,0.0027496306570156));
#1511=CARTESIAN_POINT('',(0.0188806666666667,0.003175,0.00183308710467706));
#1512=CARTESIAN_POINT('',(0.0188050714285714,0.003175,7.7765071745857E-19));
#1513=CARTESIAN_POINT('',(0.0187294761904762,0.003175,-0.00183308710467706));
#1514=CARTESIAN_POINT('',(0.0186538809523809,0.0015875,-0.0027496306570156));
#1515=CARTESIAN_POINT('',(0.0185782857142857,8.97953702120422E-19,-0.00366617420935412));
#1516=CARTESIAN_POINT('',(0.0185026904761905,-0.0015875,-0.0027496306570156));
#1517=CARTESIAN_POINT('',(0.0184270952380952,-0.003175,-0.00183308710467706));
#1518=CARTESIAN_POINT('',(0.0183515,-0.003175,0.));
#1519=CARTESIAN_POINT('',(0.0182759047619047,-0.003175,0.00183308710467706));
#1520=CARTESIAN_POINT('',(0.0182003095238095,-0.0015875,0.0027496306570156));
#1521=CARTESIAN_POINT('',(0.0181247142857143,-4.48976851060211E-19,0.00366617420935412));
#1522=CARTESIAN_POINT('',(0.018049119047619,0.0015875,0.0027496306570156));
#1523=CARTESIAN_POINT('',(0.0179735238095238,0.003175,0.00183308710467706));
#1524=CARTESIAN_POINT('',(0.0178979285714286,0.003175,7.7765071745857E-19));
#1525=CARTESIAN_POINT('',(0.0178223333333333,0.003175,-0.00183308710467706));
#1526=CARTESIAN_POINT('',(0.0177467380952381,0.0015875,-0.0027496306570156));
#1527=CARTESIAN_POINT('',(0.0176711428571429,8.97953702120422E-19,-0.00366617420935412));
#1528=CARTESIAN_POINT('',(0.0175955476190476,-0.0015875,-0.0027496306570156));
#1529=CARTESIAN_POINT('',(0.0175199523809524,-0.003175,-0.00183308710467706));
#1530=CARTESIAN_POINT('',(0.0174443571428571,-0.003175,0.));
#1531=CARTESIAN_POINT('',(0.0173687619047619,-0.003175,0.00183308710467706));
#1532=CARTESIAN_POINT('',(0.0172931666666667,-0.0015875,0.0027496306570156));
#1533=CARTESIAN_POINT('',(0.0172175714285714,-4.48976851060211E-19,0.00366617420935412));
#1534=CARTESIAN_POINT('',(0.0171419761904762,0.0015875,0.0027496306570156));
#1535=CARTESIAN_POINT('',(0.0170663809523809,0.003175,0.00183308710467706));
#1536=CARTESIAN_POINT('',(0.0169907857142857,0.003175,7.7765071745857E-19));
#1537=CARTESIAN_POINT('',(0.0169151904761905,0.003175,-0.00183308710467706));
#1538=CARTESIAN_POINT('',(0.0168395952380953,0.0015875,-0.0027496306570156));
#1539=CARTESIAN_POINT('',(0.016764,8.97953702120422E-19,-0.00366617420935412));
#1540=CARTESIAN_POINT('',(0.0166884047619048,-0.0015875,-0.0027496306570156));
#1541=CARTESIAN_POINT('',(0.0166128095238095,-0.003175,-0.00183308710467706));
#1542=CARTESIAN_POINT('',(0.0165372142857143,-0.003175,0.));
#1543=CARTESIAN_POINT('',(0.0164616190476191,-0.003175,0.00183308710467706));
#1544=CARTESIAN_POINT('',(0.0163860238095238,-0.0015875,0.0027496306570156));
#1545=CARTESIAN_POINT('',(0.0163104285714286,-4.48976851060211E-19,0.00366617420935412));
#1546=CARTESIAN_POINT('',(0.0162348333333334,0.0015875,0.0027496306570156));
#1547=CARTESIAN_POINT('',(0.0161592380952381,0.003175,0.00183308710467706));
#1548=CARTESIAN_POINT('',(0.0160836428571428,0.003175,7.7765071745857E-19));
#1549=CARTESIAN_POINT('',(0.0160080476190476,0.003175,-0.00183308710467706));
#1550=CARTESIAN_POINT('',(0.0159324523809524,0.0015875,-0.0027496306570156));
#1551=CARTESIAN_POINT('',(0.0158568571428571,8.97953702120422E-19,-0.00366617420935412));
#1552=CARTESIAN_POINT('',(0.0157812619047619,-0.0015875,-0.0027496306570156));
#1553=CARTESIAN_POINT('',(0.0157056666666667,-0.003175,-0.00183308710467706));
#1554=CARTESIAN_POINT('',(0.0156300714285714,-0.003175,0.));
#1555=CARTESIAN_POINT('',(0.0155544761904762,-0.003175,0.00183308710467706));
#1556=CARTESIAN_POINT('',(0.0154788809523809,-0.0015875,0.0027496306570156));
#1557=CARTESIAN_POINT('',(0.0154032857142857,-4.48976851060211E-19,0.00366617420935412));
#1558=CARTESIAN_POINT('',(0.0153276904761905,0.0015875,0.0027496306570156));
#1559=CARTESIAN_POINT('',(0.0152520952380952,0.003175,0.00183308710467706));
#1560=CARTESIAN_POINT('',(0.0151765,0.003175,7.7765071745857E-19));
#1561=CARTESIAN_POINT('',(0.0151009047619048,0.003175,-0.00183308710467706));
#1562=CARTESIAN_POINT('',(0.0150253095238096,0.0015875,-0.0027496306570156));
#1563=CARTESIAN_POINT('',(0.0149497142857143,8.97953702120422E-19,-0.00366617420935412));
#1564=CARTESIAN_POINT('',(0.014874119047619,-0.0015875,-0.0027496306570156));
#1565=CARTESIAN_POINT('',(0.0147985238095238,-0.003175,-0.00183308710467706));
#1566=CARTESIAN_POINT('',(0.0147229285714286,-0.003175,0.));
#1567=CARTESIAN_POINT('',(0.0146473333333333,-0.003175,0.00183308710467706));
#1568=CARTESIAN_POINT('',(0.0145717380952381,-0.0015875,0.0027496306570156));
#1569=CARTESIAN_POINT('',(0.0144961428571428,-4.48976851060211E-19,0.00366617420935412));
#1570=CARTESIAN_POINT('',(0.0144205476190476,0.0015875,0.0027496306570156));
#1571=CARTESIAN_POINT('',(0.0143449523809524,0.003175,0.00183308710467706));
#1572=CARTESIAN_POINT('',(0.0142693571428571,0.003175,7.7765071745857E-19));
#1573=CARTESIAN_POINT('',(0.0141937619047619,0.003175,-0.00183308710467706));
#1574=CARTESIAN_POINT('',(0.0141181666666667,0.0015875,-0.0027496306570156));
#1575=CARTESIAN_POINT('',(0.0140425714285714,8.97953702120422E-19,-0.00366617420935412));
#1576=CARTESIAN_POINT('',(0.0139669761904762,-0.0015875,-0.0027496306570156));
#1577=CARTESIAN_POINT('',(0.013891380952381,-0.003175,-0.00183308710467706));
#1578=CARTESIAN_POINT('',(0.0138157857142857,-0.003175,0.));
#1579=CARTESIAN_POINT('',(0.0137401904761905,-0.003175,0.00183308710467706));
#1580=CARTESIAN_POINT('',(0.0136645952380952,-0.0015875,0.0027496306570156));
#1581=CARTESIAN_POINT('',(0.013589,-4.48976851060211E-19,0.00366617420935412));
#1582=CARTESIAN_POINT('',(0.0135134047619048,0.0015875,0.0027496306570156));
#1583=CARTESIAN_POINT('',(0.0134378095238095,0.003175,0.00183308710467706));
#1584=CARTESIAN_POINT('',(0.0133622142857143,0.003175,7.7765071745857E-19));
#1585=CARTESIAN_POINT('',(0.013286619047619,0.003175,-0.00183308710467706));
#1586=CARTESIAN_POINT('',(0.0132110238095238,0.0015875,-0.0027496306570156));
#1587=CARTESIAN_POINT('',(0.0131354285714286,8.97953702120422E-19,-0.00366617420935412));
#1588=CARTESIAN_POINT('',(0.0130598333333333,-0.0015875,-0.0027496306570156));
#1589=CARTESIAN_POINT('',(0.0129842380952381,-0.003175,-0.00183308710467706));
#1590=CARTESIAN_POINT('',(0.0129086428571429,-0.003175,0.));
#1591=CARTESIAN_POINT('',(0.0128330476190476,-0.003175,0.00183308710467706));
#1592=CARTESIAN_POINT('',(0.0127574523809524,-0.0015875,0.0027496306570156));
#1593=CARTESIAN_POINT('',(0.0126818571428571,-4.48976851060211E-19,0.00366617420935412));
#1594=CARTESIAN_POINT('',(0.0126062619047619,0.0015875,0.0027496306570156));
#1595=CARTESIAN_POINT('',(0.0125306666666667,0.003175,0.00183308710467706));
#1596=CARTESIAN_POINT('',(0.0124550714285714,0.003175,7.7765071745857E-19));
#1597=CARTESIAN_POINT('',(0.0123794761904762,0.003175,-0.00183308710467706));
#1598=CARTESIAN_POINT('',(0.012303880952381,0.0015875,-0.0027496306570156));
#1599=CARTESIAN_POINT('',(0.0122282857142857,8.97953702120422E-19,-0.00366617420935412));
#1600=CARTESIAN_POINT('',(0.0121526904761905,-0.0015875,-0.0027496306570156));
#1601=CARTESIAN_POINT('',(0.0120770952380952,-0.003175,-0.00183308710467706));
#1602=CARTESIAN_POINT('',(0.0120015,-0.003175,0.));
#1603=CARTESIAN_POINT('',(0.0119259047619047,-0.003175,0.00183308710467706));
#1604=CARTESIAN_POINT('',(0.0118503095238095,-0.0015875,0.0027496306570156));
#1605=CARTESIAN_POINT('',(0.0117747142857143,-4.48976851060211E-19,0.00366617420935412));
#1606=CARTESIAN_POINT('',(0.011699119047619,0.0015875,0.0027496306570156));
#1607=CARTESIAN_POINT('',(0.0116235238095238,0.003175,0.00183308710467706));
#1608=CARTESIAN_POINT('',(0.0115479285714286,0.003175,7.7765071745857E-19));
#1609=CARTESIAN_POINT('',(0.0114723333333333,0.003175,-0.00183308710467706));
#1610=CARTESIAN_POINT('',(0.0113967380952381,0.0015875,-0.0027496306570156));
#1611=CARTESIAN_POINT('',(0.0113211428571429,8.97953702120422E-19,-0.00366617420935412));
#1612=CARTESIAN_POINT('',(0.0112455476190476,-0.0015875,-0.0027496306570156));
#1613=CARTESIAN_POINT('',(0.0111699523809524,-0.003175,-0.00183308710467706));
#1614=CARTESIAN_POINT('',(0.0110943571428571,-0.003175,0.));
#1615=CARTESIAN_POINT('',(0.0110187619047619,-0.003175,0.00183308710467706));
#1616=CARTESIAN_POINT('',(0.0109431666666667,-0.0015875,0.0027496306570156));
#1617=CARTESIAN_POINT('',(0.0108675714285714,-4.48976851060211E-19,0.00366617420935412));
#1618=CARTESIAN_POINT('',(0.0107919761904762,0.0015875,0.0027496306570156));
#1619=CARTESIAN_POINT('',(0.0107163809523809,0.003175,0.00183308710467706));
#1620=CARTESIAN_POINT('',(0.0106407857142857,0.003175,7.7765071745857E-19));
#1621=CARTESIAN_POINT('',(0.0105651904761905,0.003175,-0.00183308710467706));
#1622=CARTESIAN_POINT('',(0.0104895952380952,0.0015875,-0.0027496306570156));
#1623=CARTESIAN_POINT('',(0.010414,8.97953702120422E-19,-0.00366617420935412));
#1624=CARTESIAN_POINT('',(0.0103384047619048,-0.0015875,-0.0027496306570156));
#1625=CARTESIAN_POINT('',(0.0102628095238095,-0.003175,-0.00183308710467706));
#1626=CARTESIAN_POINT('',(0.0101872142857143,-0.003175,0.));
#1627=CARTESIAN_POINT('',(0.010111619047619,-0.003175,0.00183308710467706));
#1628=CARTESIAN_POINT('',(0.0100360238095238,-0.0015875,0.0027496306570156));
#1629=CARTESIAN_POINT('',(0.00996042857142857,-4.48976851060211E-19,0.00366617420935412));
#1630=CARTESIAN_POINT('',(0.00988483333333334,0.0015875,0.0027496306570156));
#1631=CARTESIAN_POINT('',(0.00980923809523809,0.003175,0.00183308710467706));
#1632=CARTESIAN_POINT('',(0.00973364285714286,0.003175,7.7765071745857E-19));
#1633=CARTESIAN_POINT('',(0.00965804761904761,0.003175,-0.00183308710467706));
#1634=CARTESIAN_POINT('',(0.00958245238095238,0.0015875,-0.0027496306570156));
#1635=CARTESIAN_POINT('',(0.00950685714285714,8.97953702120422E-19,-0.00366617420935412));
#1636=CARTESIAN_POINT('',(0.0094312619047619,-0.0015875,-0.0027496306570156));
#1637=CARTESIAN_POINT('',(0.00935566666666667,-0.003175,-0.00183308710467706));
#1638=CARTESIAN_POINT('',(0.00928007142857143,-0.003175,0.));
#1639=CARTESIAN_POINT('',(0.00920447619047619,-0.003175,0.00183308710467706));
#1640=CARTESIAN_POINT('',(0.00912888095238095,-0.0015875,0.0027496306570156));
#1641=CARTESIAN_POINT('',(0.00905328571428572,-4.48976851060211E-19,0.00366617420935412));
#1642=CARTESIAN_POINT('',(0.00897769047619048,0.0015875,0.0027496306570156));
#1643=CARTESIAN_POINT('',(0.00890209523809524,0.003175,0.00183308710467706));
#1644=CARTESIAN_POINT('',(0.0088265,0.003175,7.7765071745857E-19));
#1645=CARTESIAN_POINT('',(0.00875090476190476,0.003175,-0.00183308710467706));
#1646=CARTESIAN_POINT('',(0.00867530952380952,0.0015875,-0.0027496306570156));
#1647=CARTESIAN_POINT('',(0.00859971428571428,8.97953702120422E-19,-0.00366617420935412));
#1648=CARTESIAN_POINT('',(0.00852411904761905,-0.0015875,-0.0027496306570156));
#1649=CARTESIAN_POINT('',(0.00844852380952381,-0.003175,-0.00183308710467706));
#1650=CARTESIAN_POINT('',(0.00837292857142857,-0.003175,0.));
#1651=CARTESIAN_POINT('',(0.00829733333333333,-0.003175,0.00183308710467706));
#1652=CARTESIAN_POINT('',(0.00822173809523809,-0.0015875,0.0027496306570156));
#1653=CARTESIAN_POINT('',(0.00814614285714286,-4.48976851060211E-19,0.00366617420935412));
#1654=CARTESIAN_POINT('',(0.00807054761904762,0.0015875,0.0027496306570156));
#1655=CARTESIAN_POINT('',(0.00799495238095238,0.003175,0.00183308710467706));
#1656=CARTESIAN_POINT('',(0.00791935714285715,0.003175,7.7765071745857E-19));
#1657=CARTESIAN_POINT('',(0.00784376190476191,0.003175,-0.00183308710467706));
#1658=CARTESIAN_POINT('',(0.00776816666666667,0.0015875,-0.0027496306570156));
#1659=CARTESIAN_POINT('',(0.00769257142857143,8.97953702120422E-19,-0.00366617420935412));
#1660=CARTESIAN_POINT('',(0.00761697619047619,-0.0015875,-0.0027496306570156));
#1661=CARTESIAN_POINT('',(0.00754138095238095,-0.003175,-0.00183308710467706));
#1662=CARTESIAN_POINT('',(0.00746578571428572,-0.003175,0.));
#1663=CARTESIAN_POINT('',(0.00739019047619047,-0.003175,0.00183308710467706));
#1664=CARTESIAN_POINT('',(0.00731459523809524,-0.0015875,0.0027496306570156));
#1665=CARTESIAN_POINT('',(0.007239,-4.48976851060211E-19,0.00366617420935412));
#1666=CARTESIAN_POINT('',(0.00716340476190476,0.0015875,0.0027496306570156));
#1667=CARTESIAN_POINT('',(0.00708780952380952,0.003175,0.00183308710467706));
#1668=CARTESIAN_POINT('',(0.00701221428571429,0.003175,7.7765071745857E-19));
#1669=CARTESIAN_POINT('',(0.00693661904761905,0.003175,-0.00183308710467706));
#1670=CARTESIAN_POINT('',(0.00686102380952381,0.0015875,-0.0027496306570156));
#1671=CARTESIAN_POINT('',(0.00678542857142858,8.97953702120422E-19,-0.00366617420935412));
#1672=CARTESIAN_POINT('',(0.00670983333333334,-0.0015875,-0.0027496306570156));
#1673=CARTESIAN_POINT('',(0.0066342380952381,-0.003175,-0.00183308710467706));
#1674=CARTESIAN_POINT('',(0.00655864285714286,-0.003175,0.));
#1675=CARTESIAN_POINT('',(0.00648304761904762,-0.003175,0.00183308710467706));
#1676=CARTESIAN_POINT('',(0.00640745238095238,-0.0015875,0.0027496306570156));
#1677=CARTESIAN_POINT('',(0.00633185714285714,-4.48976851060211E-19,0.00366617420935412));
#1678=CARTESIAN_POINT('',(0.0062562619047619,0.0015875,0.0027496306570156));
#1679=CARTESIAN_POINT('',(0.00618066666666666,0.003175,0.00183308710467706));
#1680=CARTESIAN_POINT('',(0.00610507142857143,0.003175,7.7765071745857E-19));
#1681=CARTESIAN_POINT('',(0.00602947619047619,0.003175,-0.00183308710467706));
#1682=CARTESIAN_POINT('',(0.00595388095238095,0.0015875,-0.0027496306570156));
#1683=CARTESIAN_POINT('',(0.00587828571428571,8.97953702120422E-19,-0.00366617420935412));
#1684=CARTESIAN_POINT('',(0.00580269047619048,-0.0015875,-0.0027496306570156));
#1685=CARTESIAN_POINT('',(0.00572709523809524,-0.003175,-0.00183308710467706));
#1686=CARTESIAN_POINT('',(0.0056515,-0.003175,0.));
#1687=CARTESIAN_POINT('',(0.0302896438035662,0.00142518578924271,0.00193573696828398));
#1688=CARTESIAN_POINT('',(0.0302196225038554,0.00240379536238853,0.0012152359499557));
#1689=CARTESIAN_POINT('',(0.0301534285714285,0.00240379536238853,6.83205388364721E-19));
#1690=CARTESIAN_POINT('',(0.0300778333333333,0.00240379536238853,-0.00138783189955179));
#1691=CARTESIAN_POINT('',(0.0300022380952381,0.00120189768119427,-0.00208174784932769));
#1692=CARTESIAN_POINT('',(0.0299266428571429,7.34369593592313E-19,-0.00277566379910358));
#1693=CARTESIAN_POINT('',(0.0298510476190476,-0.00120189768119426,-0.00208174784932769));
#1694=CARTESIAN_POINT('',(0.0297754523809524,-0.00240379536238853,-0.00138783189955179));
#1695=CARTESIAN_POINT('',(0.0296998571428571,-0.00240379536238853,0.));
#1696=CARTESIAN_POINT('',(0.0296242619047619,-0.00240379536238853,0.00138783189955179));
#1697=CARTESIAN_POINT('',(0.0295486666666667,-0.00120189768119427,0.00208174784932769));
#1698=CARTESIAN_POINT('',(0.0294730714285715,-3.94448814884174E-19,0.00277566379910358));
#1699=CARTESIAN_POINT('',(0.0293974761904762,0.00120189768119426,0.00208174784932769));
#1700=CARTESIAN_POINT('',(0.0293218809523809,0.00240379536238853,0.00138783189955179));
#1701=CARTESIAN_POINT('',(0.0292462857142857,0.00240379536238853,6.83205388364721E-19));
#1702=CARTESIAN_POINT('',(0.0291706904761905,0.00240379536238853,-0.00138783189955179));
#1703=CARTESIAN_POINT('',(0.0290950952380952,0.00120189768119427,-0.00208174784932769));
#1704=CARTESIAN_POINT('',(0.0290195,7.34369593592313E-19,-0.00277566379910358));
#1705=CARTESIAN_POINT('',(0.0289439047619047,-0.00120189768119426,-0.00208174784932769));
#1706=CARTESIAN_POINT('',(0.0288683095238095,-0.00240379536238853,-0.00138783189955179));
#1707=CARTESIAN_POINT('',(0.0287927142857143,-0.00240379536238853,0.));
#1708=CARTESIAN_POINT('',(0.0287171190476191,-0.00240379536238853,0.00138783189955179));
#1709=CARTESIAN_POINT('',(0.0286415238095238,-0.00120189768119427,0.00208174784932769));
#1710=CARTESIAN_POINT('',(0.0285659285714285,-3.94448814884174E-19,0.00277566379910358));
#1711=CARTESIAN_POINT('',(0.0284903333333334,0.00120189768119426,0.00208174784932769));
#1712=CARTESIAN_POINT('',(0.0284147380952381,0.00240379536238853,0.00138783189955179));
#1713=CARTESIAN_POINT('',(0.0283391428571429,0.00240379536238853,6.83205388364721E-19));
#1714=CARTESIAN_POINT('',(0.0282635476190476,0.00240379536238853,-0.00138783189955179));
#1715=CARTESIAN_POINT('',(0.0281879523809524,0.00120189768119427,-0.00208174784932769));
#1716=CARTESIAN_POINT('',(0.0281123571428571,7.34369593592313E-19,-0.00277566379910358));
#1717=CARTESIAN_POINT('',(0.0280367619047619,-0.00120189768119426,-0.00208174784932769));
#1718=CARTESIAN_POINT('',(0.0279611666666667,-0.00240379536238853,-0.00138783189955179));
#1719=CARTESIAN_POINT('',(0.0278855714285715,-0.00240379536238853,0.));
#1720=CARTESIAN_POINT('',(0.0278099761904762,-0.00240379536238853,0.00138783189955179));
#1721=CARTESIAN_POINT('',(0.027734380952381,-0.00120189768119427,0.00208174784932769));
#1722=CARTESIAN_POINT('',(0.0276587857142857,-3.94448814884174E-19,0.00277566379910358));
#1723=CARTESIAN_POINT('',(0.0275831904761905,0.00120189768119426,0.00208174784932769));
#1724=CARTESIAN_POINT('',(0.0275075952380953,0.00240379536238853,0.00138783189955179));
#1725=CARTESIAN_POINT('',(0.027432,0.00240379536238853,6.83205388364721E-19));
#1726=CARTESIAN_POINT('',(0.0273564047619047,0.00240379536238853,-0.00138783189955179));
#1727=CARTESIAN_POINT('',(0.0272808095238096,0.00120189768119427,-0.00208174784932769));
#1728=CARTESIAN_POINT('',(0.0272052142857143,7.34369593592313E-19,-0.00277566379910358));
#1729=CARTESIAN_POINT('',(0.0271296190476191,-0.00120189768119426,-0.00208174784932769));
#1730=CARTESIAN_POINT('',(0.0270540238095238,-0.00240379536238853,-0.00138783189955179));
#1731=CARTESIAN_POINT('',(0.0269784285714285,-0.00240379536238853,0.));
#1732=CARTESIAN_POINT('',(0.0269028333333333,-0.00240379536238853,0.00138783189955179));
#1733=CARTESIAN_POINT('',(0.0268272380952381,-0.00120189768119427,0.00208174784932769));
#1734=CARTESIAN_POINT('',(0.0267516428571429,-3.94448814884174E-19,0.00277566379910358));
#1735=CARTESIAN_POINT('',(0.0266760476190476,0.00120189768119426,0.00208174784932769));
#1736=CARTESIAN_POINT('',(0.0266004523809524,0.00240379536238853,0.00138783189955179));
#1737=CARTESIAN_POINT('',(0.0265248571428571,0.00240379536238853,6.83205388364721E-19));
#1738=CARTESIAN_POINT('',(0.0264492619047619,0.00240379536238853,-0.00138783189955179));
#1739=CARTESIAN_POINT('',(0.0263736666666667,0.00120189768119427,-0.00208174784932769));
#1740=CARTESIAN_POINT('',(0.0262980714285714,7.34369593592313E-19,-0.00277566379910358));
#1741=CARTESIAN_POINT('',(0.0262224761904762,-0.00120189768119426,-0.00208174784932769));
#1742=CARTESIAN_POINT('',(0.0261468809523809,-0.00240379536238853,-0.00138783189955179));
#1743=CARTESIAN_POINT('',(0.0260712857142857,-0.00240379536238853,0.));
#1744=CARTESIAN_POINT('',(0.0259956904761905,-0.00240379536238853,0.00138783189955179));
#1745=CARTESIAN_POINT('',(0.0259200952380952,-0.00120189768119427,0.00208174784932769));
#1746=CARTESIAN_POINT('',(0.0258445,-3.94448814884174E-19,0.00277566379910358));
#1747=CARTESIAN_POINT('',(0.0257689047619047,0.00120189768119426,0.00208174784932769));
#1748=CARTESIAN_POINT('',(0.0256933095238095,0.00240379536238853,0.00138783189955179));
#1749=CARTESIAN_POINT('',(0.0256177142857143,0.00240379536238853,6.83205388364721E-19));
#1750=CARTESIAN_POINT('',(0.0255421190476191,0.00240379536238853,-0.00138783189955179));
#1751=CARTESIAN_POINT('',(0.0254665238095238,0.00120189768119427,-0.00208174784932769));
#1752=CARTESIAN_POINT('',(0.0253909285714285,7.34369593592313E-19,-0.00277566379910358));
#1753=CARTESIAN_POINT('',(0.0253153333333333,-0.00120189768119426,-0.00208174784932769));
#1754=CARTESIAN_POINT('',(0.0252397380952381,-0.00240379536238853,-0.00138783189955179));
#1755=CARTESIAN_POINT('',(0.0251641428571429,-0.00240379536238853,0.));
#1756=CARTESIAN_POINT('',(0.0250885476190476,-0.00240379536238853,0.00138783189955179));
#1757=CARTESIAN_POINT('',(0.0250129523809524,-0.00120189768119427,0.00208174784932769));
#1758=CARTESIAN_POINT('',(0.0249373571428571,-3.94448814884174E-19,0.00277566379910358));
#1759=CARTESIAN_POINT('',(0.0248617619047619,0.00120189768119426,0.00208174784932769));
#1760=CARTESIAN_POINT('',(0.0247861666666667,0.00240379536238853,0.00138783189955179));
#1761=CARTESIAN_POINT('',(0.0247105714285714,0.00240379536238853,6.83205388364721E-19));
#1762=CARTESIAN_POINT('',(0.0246349761904762,0.00240379536238853,-0.00138783189955179));
#1763=CARTESIAN_POINT('',(0.024559380952381,0.00120189768119427,-0.00208174784932769));
#1764=CARTESIAN_POINT('',(0.0244837857142857,7.34369593592313E-19,-0.00277566379910358));
#1765=CARTESIAN_POINT('',(0.0244081904761905,-0.00120189768119426,-0.00208174784932769));
#1766=CARTESIAN_POINT('',(0.0243325952380952,-0.00240379536238853,-0.00138783189955179));
#1767=CARTESIAN_POINT('',(0.024257,-0.00240379536238853,0.));
#1768=CARTESIAN_POINT('',(0.0241814047619047,-0.00240379536238853,0.00138783189955179));
#1769=CARTESIAN_POINT('',(0.0241058095238095,-0.00120189768119427,0.00208174784932769));
#1770=CARTESIAN_POINT('',(0.0240302142857143,-3.94448814884174E-19,0.00277566379910358));
#1771=CARTESIAN_POINT('',(0.0239546190476191,0.00120189768119426,0.00208174784932769));
#1772=CARTESIAN_POINT('',(0.0238790238095238,0.00240379536238853,0.00138783189955179));
#1773=CARTESIAN_POINT('',(0.0238034285714286,0.00240379536238853,6.83205388364721E-19));
#1774=CARTESIAN_POINT('',(0.0237278333333333,0.00240379536238853,-0.00138783189955179));
#1775=CARTESIAN_POINT('',(0.0236522380952381,0.00120189768119427,-0.00208174784932769));
#1776=CARTESIAN_POINT('',(0.0235766428571429,7.34369593592313E-19,-0.00277566379910358));
#1777=CARTESIAN_POINT('',(0.0235010476190476,-0.00120189768119426,-0.00208174784932769));
#1778=CARTESIAN_POINT('',(0.0234254523809524,-0.00240379536238853,-0.00138783189955179));
#1779=CARTESIAN_POINT('',(0.0233498571428571,-0.00240379536238853,0.));
#1780=CARTESIAN_POINT('',(0.0232742619047619,-0.00240379536238853,0.00138783189955179));
#1781=CARTESIAN_POINT('',(0.0231986666666667,-0.00120189768119427,0.00208174784932769));
#1782=CARTESIAN_POINT('',(0.0231230714285714,-3.94448814884174E-19,0.00277566379910358));
#1783=CARTESIAN_POINT('',(0.0230474761904762,0.00120189768119426,0.00208174784932769));
#1784=CARTESIAN_POINT('',(0.0229718809523809,0.00240379536238853,0.00138783189955179));
#1785=CARTESIAN_POINT('',(0.0228962857142857,0.00240379536238853,6.83205388364721E-19));
#1786=CARTESIAN_POINT('',(0.0228206904761905,0.00240379536238853,-0.00138783189955179));
#1787=CARTESIAN_POINT('',(0.0227450952380952,0.00120189768119427,-0.00208174784932769));
#1788=CARTESIAN_POINT('',(0.0226695,7.34369593592313E-19,-0.00277566379910358));
#1789=CARTESIAN_POINT('',(0.0225939047619047,-0.00120189768119426,-0.00208174784932769));
#1790=CARTESIAN_POINT('',(0.0225183095238095,-0.00240379536238853,-0.00138783189955179));
#1791=CARTESIAN_POINT('',(0.0224427142857143,-0.00240379536238853,0.));
#1792=CARTESIAN_POINT('',(0.022367119047619,-0.00240379536238853,0.00138783189955179));
#1793=CARTESIAN_POINT('',(0.0222915238095238,-0.00120189768119427,0.00208174784932769));
#1794=CARTESIAN_POINT('',(0.0222159285714285,-3.94448814884174E-19,0.00277566379910358));
#1795=CARTESIAN_POINT('',(0.0221403333333333,0.00120189768119426,0.00208174784932769));
#1796=CARTESIAN_POINT('',(0.0220647380952381,0.00240379536238853,0.00138783189955179));
#1797=CARTESIAN_POINT('',(0.0219891428571428,0.00240379536238853,6.83205388364721E-19));
#1798=CARTESIAN_POINT('',(0.0219135476190476,0.00240379536238853,-0.00138783189955179));
#1799=CARTESIAN_POINT('',(0.0218379523809524,0.00120189768119427,-0.00208174784932769));
#1800=CARTESIAN_POINT('',(0.0217623571428571,7.34369593592313E-19,-0.00277566379910358));
#1801=CARTESIAN_POINT('',(0.0216867619047619,-0.00120189768119426,-0.00208174784932769));
#1802=CARTESIAN_POINT('',(0.0216111666666667,-0.00240379536238853,-0.00138783189955179));
#1803=CARTESIAN_POINT('',(0.0215355714285714,-0.00240379536238853,0.));
#1804=CARTESIAN_POINT('',(0.0214599761904762,-0.00240379536238853,0.00138783189955179));
#1805=CARTESIAN_POINT('',(0.0213843809523809,-0.00120189768119427,0.00208174784932769));
#1806=CARTESIAN_POINT('',(0.0213087857142857,-3.94448814884174E-19,0.00277566379910358));
#1807=CARTESIAN_POINT('',(0.0212331904761905,0.00120189768119426,0.00208174784932769));
#1808=CARTESIAN_POINT('',(0.0211575952380952,0.00240379536238853,0.00138783189955179));
#1809=CARTESIAN_POINT('',(0.021082,0.00240379536238853,6.83205388364721E-19));
#1810=CARTESIAN_POINT('',(0.0210064047619048,0.00240379536238853,-0.00138783189955179));
#1811=CARTESIAN_POINT('',(0.0209308095238095,0.00120189768119427,-0.00208174784932769));
#1812=CARTESIAN_POINT('',(0.0208552142857143,7.34369593592313E-19,-0.00277566379910358));
#1813=CARTESIAN_POINT('',(0.0207796190476191,-0.00120189768119426,-0.00208174784932769));
#1814=CARTESIAN_POINT('',(0.0207040238095238,-0.00240379536238853,-0.00138783189955179));
#1815=CARTESIAN_POINT('',(0.0206284285714286,-0.00240379536238853,0.));
#1816=CARTESIAN_POINT('',(0.0205528333333333,-0.00240379536238853,0.00138783189955179));
#1817=CARTESIAN_POINT('',(0.0204772380952381,-0.00120189768119427,0.00208174784932769));
#1818=CARTESIAN_POINT('',(0.0204016428571428,-3.94448814884174E-19,0.00277566379910358));
#1819=CARTESIAN_POINT('',(0.0203260476190476,0.00120189768119426,0.00208174784932769));
#1820=CARTESIAN_POINT('',(0.0202504523809524,0.00240379536238853,0.00138783189955179));
#1821=CARTESIAN_POINT('',(0.0201748571428571,0.00240379536238853,6.83205388364721E-19));
#1822=CARTESIAN_POINT('',(0.0200992619047619,0.00240379536238853,-0.00138783189955179));
#1823=CARTESIAN_POINT('',(0.0200236666666667,0.00120189768119427,-0.00208174784932769));
#1824=CARTESIAN_POINT('',(0.0199480714285714,7.34369593592313E-19,-0.00277566379910358));
#1825=CARTESIAN_POINT('',(0.0198724761904762,-0.00120189768119426,-0.00208174784932769));
#1826=CARTESIAN_POINT('',(0.0197968809523809,-0.00240379536238853,-0.00138783189955179));
#1827=CARTESIAN_POINT('',(0.0197212857142857,-0.00240379536238853,0.));
#1828=CARTESIAN_POINT('',(0.0196456904761905,-0.00240379536238853,0.00138783189955179));
#1829=CARTESIAN_POINT('',(0.0195700952380953,-0.00120189768119427,0.00208174784932769));
#1830=CARTESIAN_POINT('',(0.0194945,-3.94448814884174E-19,0.00277566379910358));
#1831=CARTESIAN_POINT('',(0.0194189047619048,0.00120189768119426,0.00208174784932769));
#1832=CARTESIAN_POINT('',(0.0193433095238095,0.00240379536238853,0.00138783189955179));
#1833=CARTESIAN_POINT('',(0.0192677142857143,0.00240379536238853,6.83205388364721E-19));
#1834=CARTESIAN_POINT('',(0.019192119047619,0.00240379536238853,-0.00138783189955179));
#1835=CARTESIAN_POINT('',(0.0191165238095238,0.00120189768119427,-0.00208174784932769));
#1836=CARTESIAN_POINT('',(0.0190409285714286,7.34369593592313E-19,-0.00277566379910358));
#1837=CARTESIAN_POINT('',(0.0189653333333334,-0.00120189768119426,-0.00208174784932769));
#1838=CARTESIAN_POINT('',(0.0188897380952381,-0.00240379536238853,-0.00138783189955179));
#1839=CARTESIAN_POINT('',(0.0188141428571428,-0.00240379536238853,0.));
#1840=CARTESIAN_POINT('',(0.0187385476190476,-0.00240379536238853,0.00138783189955179));
#1841=CARTESIAN_POINT('',(0.0186629523809524,-0.00120189768119427,0.00208174784932769));
#1842=CARTESIAN_POINT('',(0.0185873571428572,-3.94448814884174E-19,0.00277566379910358));
#1843=CARTESIAN_POINT('',(0.0185117619047619,0.00120189768119426,0.00208174784932769));
#1844=CARTESIAN_POINT('',(0.0184361666666667,0.00240379536238853,0.00138783189955179));
#1845=CARTESIAN_POINT('',(0.0183605714285714,0.00240379536238853,6.83205388364721E-19));
#1846=CARTESIAN_POINT('',(0.0182849761904762,0.00240379536238853,-0.00138783189955179));
#1847=CARTESIAN_POINT('',(0.0182093809523809,0.00120189768119427,-0.00208174784932769));
#1848=CARTESIAN_POINT('',(0.0181337857142857,7.34369593592313E-19,-0.00277566379910358));
#1849=CARTESIAN_POINT('',(0.0180581904761905,-0.00120189768119426,-0.00208174784932769));
#1850=CARTESIAN_POINT('',(0.0179825952380952,-0.00240379536238853,-0.00138783189955179));
#1851=CARTESIAN_POINT('',(0.017907,-0.00240379536238853,0.));
#1852=CARTESIAN_POINT('',(0.0178314047619048,-0.00240379536238853,0.00138783189955179));
#1853=CARTESIAN_POINT('',(0.0177558095238095,-0.00120189768119427,0.00208174784932769));
#1854=CARTESIAN_POINT('',(0.0176802142857143,-3.94448814884174E-19,0.00277566379910358));
#1855=CARTESIAN_POINT('',(0.017604619047619,0.00120189768119426,0.00208174784932769));
#1856=CARTESIAN_POINT('',(0.0175290238095238,0.00240379536238853,0.00138783189955179));
#1857=CARTESIAN_POINT('',(0.0174534285714286,0.00240379536238853,6.83205388364721E-19));
#1858=CARTESIAN_POINT('',(0.0173778333333334,0.00240379536238853,-0.00138783189955179));
#1859=CARTESIAN_POINT('',(0.0173022380952381,0.00120189768119427,-0.00208174784932769));
#1860=CARTESIAN_POINT('',(0.0172266428571429,7.34369593592313E-19,-0.00277566379910358));
#1861=CARTESIAN_POINT('',(0.0171510476190476,-0.00120189768119426,-0.00208174784932769));
#1862=CARTESIAN_POINT('',(0.0170754523809524,-0.00240379536238853,-0.00138783189955179));
#1863=CARTESIAN_POINT('',(0.0169998571428571,-0.00240379536238853,0.));
#1864=CARTESIAN_POINT('',(0.0169242619047619,-0.00240379536238853,0.00138783189955179));
#1865=CARTESIAN_POINT('',(0.0168486666666667,-0.00120189768119427,0.00208174784932769));
#1866=CARTESIAN_POINT('',(0.0167730714285714,-3.94448814884174E-19,0.00277566379910358));
#1867=CARTESIAN_POINT('',(0.0166974761904762,0.00120189768119426,0.00208174784932769));
#1868=CARTESIAN_POINT('',(0.0166218809523809,0.00240379536238853,0.00138783189955179));
#1869=CARTESIAN_POINT('',(0.0165462857142857,0.00240379536238853,6.83205388364721E-19));
#1870=CARTESIAN_POINT('',(0.0164706904761905,0.00240379536238853,-0.00138783189955179));
#1871=CARTESIAN_POINT('',(0.0163950952380953,0.00120189768119427,-0.00208174784932769));
#1872=CARTESIAN_POINT('',(0.0163195,7.34369593592313E-19,-0.00277566379910358));
#1873=CARTESIAN_POINT('',(0.0162439047619048,-0.00120189768119426,-0.00208174784932769));
#1874=CARTESIAN_POINT('',(0.0161683095238095,-0.00240379536238853,-0.00138783189955179));
#1875=CARTESIAN_POINT('',(0.0160927142857143,-0.00240379536238853,0.));
#1876=CARTESIAN_POINT('',(0.016017119047619,-0.00240379536238853,0.00138783189955179));
#1877=CARTESIAN_POINT('',(0.0159415238095238,-0.00120189768119427,0.00208174784932769));
#1878=CARTESIAN_POINT('',(0.0158659285714286,-3.94448814884174E-19,0.00277566379910358));
#1879=CARTESIAN_POINT('',(0.0157903333333334,0.00120189768119426,0.00208174784932769));
#1880=CARTESIAN_POINT('',(0.0157147380952381,0.00240379536238853,0.00138783189955179));
#1881=CARTESIAN_POINT('',(0.0156391428571428,0.00240379536238853,6.83205388364721E-19));
#1882=CARTESIAN_POINT('',(0.0155635476190476,0.00240379536238853,-0.00138783189955179));
#1883=CARTESIAN_POINT('',(0.0154879523809524,0.00120189768119427,-0.00208174784932769));
#1884=CARTESIAN_POINT('',(0.0154123571428571,7.34369593592313E-19,-0.00277566379910358));
#1885=CARTESIAN_POINT('',(0.0153367619047619,-0.00120189768119426,-0.00208174784932769));
#1886=CARTESIAN_POINT('',(0.0152611666666667,-0.00240379536238853,-0.00138783189955179));
#1887=CARTESIAN_POINT('',(0.0151855714285715,-0.00240379536238853,0.));
#1888=CARTESIAN_POINT('',(0.0151099761904762,-0.00240379536238853,0.00138783189955179));
#1889=CARTESIAN_POINT('',(0.015034380952381,-0.00120189768119427,0.00208174784932769));
#1890=CARTESIAN_POINT('',(0.0149587857142857,-3.94448814884174E-19,0.00277566379910358));
#1891=CARTESIAN_POINT('',(0.0148831904761905,0.00120189768119426,0.00208174784932769));
#1892=CARTESIAN_POINT('',(0.0148075952380952,0.00240379536238853,0.00138783189955179));
#1893=CARTESIAN_POINT('',(0.014732,0.00240379536238853,6.83205388364721E-19));
#1894=CARTESIAN_POINT('',(0.0146564047619048,0.00240379536238853,-0.00138783189955179));
#1895=CARTESIAN_POINT('',(0.0145808095238095,0.00120189768119427,-0.00208174784932769));
#1896=CARTESIAN_POINT('',(0.0145052142857143,7.34369593592313E-19,-0.00277566379910358));
#1897=CARTESIAN_POINT('',(0.014429619047619,-0.00120189768119426,-0.00208174784932769));
#1898=CARTESIAN_POINT('',(0.0143540238095238,-0.00240379536238853,-0.00138783189955179));
#1899=CARTESIAN_POINT('',(0.0142784285714286,-0.00240379536238853,0.));
#1900=CARTESIAN_POINT('',(0.0142028333333333,-0.00240379536238853,0.00138783189955179));
#1901=CARTESIAN_POINT('',(0.0141272380952381,-0.00120189768119427,0.00208174784932769));
#1902=CARTESIAN_POINT('',(0.0140516428571428,-3.94448814884174E-19,0.00277566379910358));
#1903=CARTESIAN_POINT('',(0.0139760476190476,0.00120189768119426,0.00208174784932769));
#1904=CARTESIAN_POINT('',(0.0139004523809524,0.00240379536238853,0.00138783189955179));
#1905=CARTESIAN_POINT('',(0.0138248571428571,0.00240379536238853,6.83205388364721E-19));
#1906=CARTESIAN_POINT('',(0.0137492619047619,0.00240379536238853,-0.00138783189955179));
#1907=CARTESIAN_POINT('',(0.0136736666666667,0.00120189768119427,-0.00208174784932769));
#1908=CARTESIAN_POINT('',(0.0135980714285714,7.34369593592313E-19,-0.00277566379910358));
#1909=CARTESIAN_POINT('',(0.0135224761904762,-0.00120189768119426,-0.00208174784932769));
#1910=CARTESIAN_POINT('',(0.013446880952381,-0.00240379536238853,-0.00138783189955179));
#1911=CARTESIAN_POINT('',(0.0133712857142857,-0.00240379536238853,0.));
#1912=CARTESIAN_POINT('',(0.0132956904761905,-0.00240379536238853,0.00138783189955179));
#1913=CARTESIAN_POINT('',(0.0132200952380952,-0.00120189768119427,0.00208174784932769));
#1914=CARTESIAN_POINT('',(0.0131445,-3.94448814884174E-19,0.00277566379910358));
#1915=CARTESIAN_POINT('',(0.0130689047619048,0.00120189768119426,0.00208174784932769));
#1916=CARTESIAN_POINT('',(0.0129933095238095,0.00240379536238853,0.00138783189955179));
#1917=CARTESIAN_POINT('',(0.0129177142857143,0.00240379536238853,6.83205388364721E-19));
#1918=CARTESIAN_POINT('',(0.012842119047619,0.00240379536238853,-0.00138783189955179));
#1919=CARTESIAN_POINT('',(0.0127665238095238,0.00120189768119427,-0.00208174784932769));
#1920=CARTESIAN_POINT('',(0.0126909285714286,7.34369593592313E-19,-0.00277566379910358));
#1921=CARTESIAN_POINT('',(0.0126153333333333,-0.00120189768119426,-0.00208174784932769));
#1922=CARTESIAN_POINT('',(0.0125397380952381,-0.00240379536238853,-0.00138783189955179));
#1923=CARTESIAN_POINT('',(0.0124641428571429,-0.00240379536238853,0.));
#1924=CARTESIAN_POINT('',(0.0123885476190476,-0.00240379536238853,0.00138783189955179));
#1925=CARTESIAN_POINT('',(0.0123129523809524,-0.00120189768119427,0.00208174784932769));
#1926=CARTESIAN_POINT('',(0.0122373571428571,-3.94448814884174E-19,0.00277566379910358));
#1927=CARTESIAN_POINT('',(0.0121617619047619,0.00120189768119426,0.00208174784932769));
#1928=CARTESIAN_POINT('',(0.0120861666666667,0.00240379536238853,0.00138783189955179));
#1929=CARTESIAN_POINT('',(0.0120105714285714,0.00240379536238853,6.83205388364721E-19));
#1930=CARTESIAN_POINT('',(0.0119349761904762,0.00240379536238853,-0.00138783189955179));
#1931=CARTESIAN_POINT('',(0.0118593809523809,0.00120189768119427,-0.00208174784932769));
#1932=CARTESIAN_POINT('',(0.0117837857142857,7.34369593592313E-19,-0.00277566379910358));
#1933=CARTESIAN_POINT('',(0.0117081904761905,-0.00120189768119426,-0.00208174784932769));
#1934=CARTESIAN_POINT('',(0.0116325952380952,-0.00240379536238853,-0.00138783189955179));
#1935=CARTESIAN_POINT('',(0.011557,-0.00240379536238853,0.));
#1936=CARTESIAN_POINT('',(0.0114814047619048,-0.00240379536238853,0.00138783189955179));
#1937=CARTESIAN_POINT('',(0.0114058095238095,-0.00120189768119427,0.00208174784932769));
#1938=CARTESIAN_POINT('',(0.0113302142857143,-3.94448814884174E-19,0.00277566379910358));
#1939=CARTESIAN_POINT('',(0.011254619047619,0.00120189768119426,0.00208174784932769));
#1940=CARTESIAN_POINT('',(0.0111790238095238,0.00240379536238853,0.00138783189955179));
#1941=CARTESIAN_POINT('',(0.0111034285714286,0.00240379536238853,6.83205388364721E-19));
#1942=CARTESIAN_POINT('',(0.0110278333333333,0.00240379536238853,-0.00138783189955179));
#1943=CARTESIAN_POINT('',(0.0109522380952381,0.00120189768119427,-0.00208174784932769));
#1944=CARTESIAN_POINT('',(0.0108766428571428,7.34369593592313E-19,-0.00277566379910358));
#1945=CARTESIAN_POINT('',(0.0108010476190476,-0.00120189768119426,-0.00208174784932769));
#1946=CARTESIAN_POINT('',(0.0107254523809524,-0.00240379536238853,-0.00138783189955179));
#1947=CARTESIAN_POINT('',(0.0106498571428571,-0.00240379536238853,0.));
#1948=CARTESIAN_POINT('',(0.0105742619047619,-0.00240379536238853,0.00138783189955179));
#1949=CARTESIAN_POINT('',(0.0104986666666667,-0.00120189768119427,0.00208174784932769));
#1950=CARTESIAN_POINT('',(0.0104230714285714,-3.94448814884174E-19,0.00277566379910358));
#1951=CARTESIAN_POINT('',(0.0103474761904762,0.00120189768119426,0.00208174784932769));
#1952=CARTESIAN_POINT('',(0.010271880952381,0.00240379536238853,0.00138783189955179));
#1953=CARTESIAN_POINT('',(0.0101962857142857,0.00240379536238853,6.83205388364721E-19));
#1954=CARTESIAN_POINT('',(0.0101206904761905,0.00240379536238853,-0.00138783189955179));
#1955=CARTESIAN_POINT('',(0.0100450952380952,0.00120189768119427,-0.00208174784932769));
#1956=CARTESIAN_POINT('',(0.0099695,7.34369593592313E-19,-0.00277566379910358));
#1957=CARTESIAN_POINT('',(0.00989390476190476,-0.00120189768119426,-0.00208174784932769));
#1958=CARTESIAN_POINT('',(0.00981830952380952,-0.00240379536238853,-0.00138783189955179));
#1959=CARTESIAN_POINT('',(0.00974271428571428,-0.00240379536238853,0.));
#1960=CARTESIAN_POINT('',(0.00966711904761904,-0.00240379536238853,0.00138783189955179));
#1961=CARTESIAN_POINT('',(0.00959152380952381,-0.00120189768119427,0.00208174784932769));
#1962=CARTESIAN_POINT('',(0.00951592857142856,-3.94448814884174E-19,0.00277566379910358));
#1963=CARTESIAN_POINT('',(0.00944033333333333,0.00120189768119426,0.00208174784932769));
#1964=CARTESIAN_POINT('',(0.00936473809523809,0.00240379536238853,0.00138783189955179));
#1965=CARTESIAN_POINT('',(0.00928914285714285,0.00240379536238853,6.83205388364721E-19));
#1966=CARTESIAN_POINT('',(0.00921354761904761,0.00240379536238853,-0.00138783189955179));
#1967=CARTESIAN_POINT('',(0.00913795238095238,0.00120189768119427,-0.00208174784932769));
#1968=CARTESIAN_POINT('',(0.00906235714285714,7.34369593592313E-19,-0.00277566379910358));
#1969=CARTESIAN_POINT('',(0.0089867619047619,-0.00120189768119426,-0.00208174784932769));
#1970=CARTESIAN_POINT('',(0.00891116666666666,-0.00240379536238853,-0.00138783189955179));
#1971=CARTESIAN_POINT('',(0.00883557142857143,-0.00240379536238853,0.));
#1972=CARTESIAN_POINT('',(0.00875997619047618,-0.00240379536238853,0.00138783189955179));
#1973=CARTESIAN_POINT('',(0.00868438095238095,-0.00120189768119427,0.00208174784932769));
#1974=CARTESIAN_POINT('',(0.00860878571428571,-3.94448814884174E-19,0.00277566379910358));
#1975=CARTESIAN_POINT('',(0.00853319047619047,0.00120189768119426,0.00208174784932769));
#1976=CARTESIAN_POINT('',(0.00845759523809523,0.00240379536238853,0.00138783189955179));
#1977=CARTESIAN_POINT('',(0.008382,0.00240379536238853,6.83205388364721E-19));
#1978=CARTESIAN_POINT('',(0.00830640476190475,0.00240379536238853,-0.00138783189955179));
#1979=CARTESIAN_POINT('',(0.00823080952380952,0.00120189768119427,-0.00208174784932769));
#1980=CARTESIAN_POINT('',(0.00815521428571429,7.34369593592313E-19,-0.00277566379910358));
#1981=CARTESIAN_POINT('',(0.00807961904761904,-0.00120189768119426,-0.00208174784932769));
#1982=CARTESIAN_POINT('',(0.0080040238095238,-0.00240379536238853,-0.00138783189955179));
#1983=CARTESIAN_POINT('',(0.00792842857142857,-0.00240379536238853,0.));
#1984=CARTESIAN_POINT('',(0.00785283333333333,-0.00240379536238853,0.00138783189955179));
#1985=CARTESIAN_POINT('',(0.00777723809523809,-0.00120189768119427,0.00208174784932769));
#1986=CARTESIAN_POINT('',(0.00770164285714285,-3.94448814884174E-19,0.00277566379910358));
#1987=CARTESIAN_POINT('',(0.00762604761904762,0.00120189768119426,0.00208174784932769));
#1988=CARTESIAN_POINT('',(0.00755045238095238,0.00240379536238853,0.00138783189955179));
#1989=CARTESIAN_POINT('',(0.00747485714285714,0.00240379536238853,6.83205388364721E-19));
#1990=CARTESIAN_POINT('',(0.0073992619047619,0.00240379536238853,-0.00138783189955179));
#1991=CARTESIAN_POINT('',(0.00732366666666666,0.00120189768119427,-0.00208174784932769));
#1992=CARTESIAN_POINT('',(0.00724807142857142,7.34369593592313E-19,-0.00277566379910358));
#1993=CARTESIAN_POINT('',(0.00717247619047619,-0.00120189768119426,-0.00208174784932769));
#1994=CARTESIAN_POINT('',(0.00709688095238094,-0.00240379536238853,-0.00138783189955179));
#1995=CARTESIAN_POINT('',(0.00702128571428571,-0.00240379536238853,0.));
#1996=CARTESIAN_POINT('',(0.00694569047619048,-0.00240379536238853,0.00138783189955179));
#1997=CARTESIAN_POINT('',(0.00687009523809523,-0.00120189768119427,0.00208174784932769));
#1998=CARTESIAN_POINT('',(0.00679449999999999,-3.94448814884174E-19,0.00277566379910358));
#1999=CARTESIAN_POINT('',(0.00671890476190476,0.00120189768119426,0.00208174784932769));
#2000=CARTESIAN_POINT('',(0.00664330952380952,0.00240379536238853,0.00138783189955179));
#2001=CARTESIAN_POINT('',(0.00656771428571428,0.00240379536238853,6.83205388364721E-19));
#2002=CARTESIAN_POINT('',(0.00649211904761904,0.00240379536238853,-0.00138783189955179));
#2003=CARTESIAN_POINT('',(0.00641652380952381,0.00120189768119427,-0.00208174784932769));
#2004=CARTESIAN_POINT('',(0.00634092857142857,7.34369593592313E-19,-0.00277566379910358));
#2005=CARTESIAN_POINT('',(0.00626533333333333,-0.00120189768119426,-0.00208174784932769));
#2006=CARTESIAN_POINT('',(0.00618973809523809,-0.00240379536238853,-0.00138783189955179));
#2007=CARTESIAN_POINT('',(0.00611414285714285,-0.00240379536238853,0.));
#2008=CARTESIAN_POINT('',(0.00603854761904761,-0.00240379536238853,0.00138783189955179));
#2009=CARTESIAN_POINT('',(0.00596295238095238,-0.00120189768119427,0.00208174784932769));
#2010=CARTESIAN_POINT('',(0.00588735714285713,-3.94448814884174E-19,0.00277566379910358));
#2011=CARTESIAN_POINT('',(0.0058117619047619,0.00120189768119426,0.00208174784932769));
#2012=CARTESIAN_POINT('',(0.00573616666666667,0.00240379536238853,0.00138783189955179));
#2013=CARTESIAN_POINT('',(0.00566057142857143,0.00240379536238853,6.83205388364721E-19));
#2014=CARTESIAN_POINT('',(0.00558497619047619,0.00240379536238853,-0.00138783189955179));
#2015=CARTESIAN_POINT('',(0.00550938095238095,0.00120189768119427,-0.00208174784932769));
#2016=CARTESIAN_POINT('',(0.00543378571428571,7.34369593592313E-19,-0.00277566379910358));
#2017=CARTESIAN_POINT('',(0.00535819047619047,-0.00120189768119426,-0.00208174784932769));
#2018=CARTESIAN_POINT('',(0.00528259523809524,-0.00240379536238853,-0.00138783189955179));
#2019=CARTESIAN_POINT('',(0.005207,-0.00240379536238853,0.));
#2020=CARTESIAN_POINT('',(0.030607,-0.00240379536238853,0.));
#2021=CARTESIAN_POINT('',(0.0305314047619047,-0.00240379536238853,0.00138783189955179));
#2022=CARTESIAN_POINT('',(0.0304558095238096,-0.00120189768119426,0.00208174784932769));
#2023=CARTESIAN_POINT('',(0.0303802142857143,-3.94448814884174E-19,0.00277566379910358));
#2024=CARTESIAN_POINT('',(0.0303046190476191,0.00120189768119426,0.00208174784932769));
#2025=CARTESIAN_POINT('',(0.0302290238095238,0.00240379536238853,0.00138783189955179));
#2026=CARTESIAN_POINT('',(0.0301534285714286,0.00240379536238853,6.83205388364721E-19));
#2027=CARTESIAN_POINT('',(0.0300778333333333,0.00240379536238853,-0.00138783189955179));
#2028=CARTESIAN_POINT('',(0.0300022380952381,0.00120189768119427,-0.00208174784932769));
#2029=CARTESIAN_POINT('',(0.0299266428571429,7.34369593592313E-19,-0.00277566379910358));
#2030=CARTESIAN_POINT('',(0.0298510476190476,-0.00120189768119426,-0.00208174784932769));
#2031=CARTESIAN_POINT('',(0.0297754523809524,-0.00240379536238853,-0.00138783189955179));
#2032=CARTESIAN_POINT('',(0.0296998571428571,-0.00240379536238853,-5.88760059270873E-19));
#2033=CARTESIAN_POINT('',(0.0296242619047619,-0.00240379536238853,0.00138783189955179));
#2034=CARTESIAN_POINT('',(0.0295486666666667,-0.00120189768119427,0.00208174784932769));
#2035=CARTESIAN_POINT('',(0.0294730714285715,-3.53957505900711E-18,0.00277566379910358));
#2036=CARTESIAN_POINT('',(0.0293974761904762,0.00120189768119426,0.00208174784932769));
#2037=CARTESIAN_POINT('',(0.0293218809523809,0.00240379536238853,0.00138783189955179));
#2038=CARTESIAN_POINT('',(0.0292462857142857,0.00240379536238853,1.27196544763559E-18));
#2039=CARTESIAN_POINT('',(0.0291706904761905,0.00240379536238853,-0.00138783189955179));
#2040=CARTESIAN_POINT('',(0.0290950952380952,0.00120189768119427,-0.00208174784932769));
#2041=CARTESIAN_POINT('',(0.0290195,1.41421115100859E-18,-0.00277566379910358));
#2042=CARTESIAN_POINT('',(0.0289439047619047,-0.00120189768119426,-0.00208174784932769));
#2043=CARTESIAN_POINT('',(0.0288683095238095,-0.00240379536238853,-0.00138783189955179));
#2044=CARTESIAN_POINT('',(0.0287927142857143,-0.00240379536238853,-1.17752011854174E-18));
#2045=CARTESIAN_POINT('',(0.0287171190476191,-0.00240379536238853,0.00138783189955179));
#2046=CARTESIAN_POINT('',(0.0286415238095238,-0.00120189768119427,0.00208174784932769));
#2047=CARTESIAN_POINT('',(0.0285659285714285,-6.68470130313005E-18,0.00277566379910358));
#2048=CARTESIAN_POINT('',(0.0284903333333334,0.00120189768119426,0.00208174784932769));
#2049=CARTESIAN_POINT('',(0.0284147380952381,0.00240379536238853,0.00138783189955179));
#2050=CARTESIAN_POINT('',(0.0283391428571429,0.00240379536238853,6.13072383940393E-18));
#2051=CARTESIAN_POINT('',(0.0282635476190476,0.00240379536238853,-0.00138783189955179));
#2052=CARTESIAN_POINT('',(0.0281879523809524,0.00120189768119427,-0.00208174784932769));
#2053=CARTESIAN_POINT('',(0.0281123571428571,7.0246220818382E-18,-0.00277566379910358));
#2054=CARTESIAN_POINT('',(0.0280367619047619,-0.00120189768119426,-0.00208174784932769));
#2055=CARTESIAN_POINT('',(0.0279611666666667,-0.00240379536238852,-0.0013878318995518));
#2056=CARTESIAN_POINT('',(0.0278855714285715,-0.00240379536238853,-1.76628017781262E-18));
#2057=CARTESIAN_POINT('',(0.0278099761904762,-0.00240379536238853,0.00138783189955179));
#2058=CARTESIAN_POINT('',(0.027734380952381,-0.00120189768119427,0.00208174784932769));
#2059=CARTESIAN_POINT('',(0.0276587857142857,-7.36454286054633E-18,0.00277566379910358));
#2060=CARTESIAN_POINT('',(0.0275831904761905,0.00120189768119426,0.00208174784932769));
#2061=CARTESIAN_POINT('',(0.0275075952380953,0.00240379536238852,0.0013878318995518));
#2062=CARTESIAN_POINT('',(0.027432,0.00240379536238853,2.44948556617734E-18));
#2063=CARTESIAN_POINT('',(0.0273564047619047,0.00240379536238853,-0.00138783189955179));
#2064=CARTESIAN_POINT('',(0.0272808095238096,0.00120189768119427,-0.00208174784932769));
#2065=CARTESIAN_POINT('',(0.0272052142857143,7.70446363925447E-18,-0.00277566379910358));
#2066=CARTESIAN_POINT('',(0.0271296190476191,-0.00120189768119426,-0.00208174784932769));
#2067=CARTESIAN_POINT('',(0.0270540238095238,-0.00240379536238852,-0.0013878318995518));
#2068=CARTESIAN_POINT('',(0.0269784285714286,-0.00240379536238853,-2.35504023708349E-18));
#2069=CARTESIAN_POINT('',(0.0269028333333333,-0.00240379536238853,0.00138783189955179));
#2070=CARTESIAN_POINT('',(0.0268272380952381,-0.00120189768119427,0.00208174784932769));
#2071=CARTESIAN_POINT('',(0.0267516428571429,-8.04438441796261E-18,0.00277566379910358));
#2072=CARTESIAN_POINT('',(0.0266760476190476,0.00120189768119426,0.00208174784932769));
#2073=CARTESIAN_POINT('',(0.0266004523809524,0.00240379536238852,0.0013878318995518));
#2074=CARTESIAN_POINT('',(0.0265248571428571,0.00240379536238853,1.15782422904431E-17));
#2075=CARTESIAN_POINT('',(0.0264492619047619,0.00240379536238853,-0.00138783189955179));
#2076=CARTESIAN_POINT('',(0.0263736666666667,0.00120189768119427,-0.00208174784932769));
#2077=CARTESIAN_POINT('',(0.0262980714285714,8.38430519667074E-18,-0.00277566379910358));
#2078=CARTESIAN_POINT('',(0.0262224761904762,-0.00120189768119426,-0.00208174784932769));
#2079=CARTESIAN_POINT('',(0.0261468809523809,-0.00240379536238852,-0.0013878318995518));
#2080=CARTESIAN_POINT('',(0.0260712857142857,-0.00240379536238853,-1.14837969613493E-17));
#2081=CARTESIAN_POINT('',(0.0259956904761905,-0.00240379536238853,0.00138783189955179));
#2082=CARTESIAN_POINT('',(0.0259200952380952,-0.00120189768119427,0.00208174784932769));
#2083=CARTESIAN_POINT('',(0.0258445,-1.85853647222055E-17,0.00277566379910358));
#2084=CARTESIAN_POINT('',(0.0257689047619047,0.00120189768119426,0.00208174784932769));
#2085=CARTESIAN_POINT('',(0.0256933095238095,0.00240379536238853,0.00138783189955179));
#2086=CARTESIAN_POINT('',(0.0256177142857143,0.00240379536238853,1.2167002349714E-17));
#2087=CARTESIAN_POINT('',(0.0255421190476191,0.00240379536238853,-0.00138783189955179));
#2088=CARTESIAN_POINT('',(0.0254665238095238,0.00120189768119428,-0.00208174784932768));
#2089=CARTESIAN_POINT('',(0.0253909285714285,9.06414675408702E-18,-0.00277566379910358));
#2090=CARTESIAN_POINT('',(0.0253153333333333,-0.00120189768119425,-0.0020817478493277));
#2091=CARTESIAN_POINT('',(0.0252397380952381,-0.00240379536238852,-0.0013878318995518));
#2092=CARTESIAN_POINT('',(0.0251641428571429,-0.00240379536238853,-3.53256035562524E-18));
#2093=CARTESIAN_POINT('',(0.0250885476190476,-0.00240379536238854,0.00138783189955178));
#2094=CARTESIAN_POINT('',(0.0250129523809524,-0.00120189768119427,0.00208174784932769));
#2095=CARTESIAN_POINT('',(0.0249373571428571,-1.92652062796218E-17,0.00277566379910358));
#2096=CARTESIAN_POINT('',(0.0248617619047619,0.00120189768119426,0.00208174784932769));
#2097=CARTESIAN_POINT('',(0.0247861666666667,0.00240379536238853,0.00138783189955179));
#2098=CARTESIAN_POINT('',(0.0247105714285714,0.00240379536238853,1.27557624089849E-17));
#2099=CARTESIAN_POINT('',(0.0246349761904762,0.00240379536238853,-0.00138783189955179));
#2100=CARTESIAN_POINT('',(0.024559380952381,0.00120189768119428,-0.00208174784932768));
#2101=CARTESIAN_POINT('',(0.0244837857142857,9.7439883115033E-18,-0.00277566379910358));
#2102=CARTESIAN_POINT('',(0.0244081904761905,-0.00120189768119425,-0.0020817478493277));
#2103=CARTESIAN_POINT('',(0.0243325952380952,-0.00240379536238852,-0.0013878318995518));
#2104=CARTESIAN_POINT('',(0.024257,-0.00240379536238853,-4.12132041489611E-18));
#2105=CARTESIAN_POINT('',(0.0241814047619047,-0.00240379536238854,0.00138783189955178));
#2106=CARTESIAN_POINT('',(0.0241058095238096,-0.00120189768119427,0.00208174784932769));
#2107=CARTESIAN_POINT('',(0.0240302142857143,-1.99450478370381E-17,0.00277566379910358));
#2108=CARTESIAN_POINT('',(0.0239546190476191,0.00120189768119425,0.00208174784932769));
#2109=CARTESIAN_POINT('',(0.0238790238095238,0.00240379536238851,0.00138783189955181));
#2110=CARTESIAN_POINT('',(0.0238034285714286,0.00240379536238853,1.33445224682558E-17));
#2111=CARTESIAN_POINT('',(0.0237278333333333,0.00240379536238853,-0.00138783189955179));
#2112=CARTESIAN_POINT('',(0.0236522380952381,0.00120189768119428,-0.00208174784932768));
#2113=CARTESIAN_POINT('',(0.0235766428571429,1.04238298689196E-17,-0.00277566379910358));
#2114=CARTESIAN_POINT('',(0.0235010476190477,-0.00120189768119425,-0.0020817478493277));
#2115=CARTESIAN_POINT('',(0.0234254523809524,-0.00240379536238852,-0.0013878318995518));
#2116=CARTESIAN_POINT('',(0.0233498571428571,-0.00240379536238853,-4.71008047416698E-18));
#2117=CARTESIAN_POINT('',(0.0232742619047619,-0.00240379536238854,0.00138783189955178));
#2118=CARTESIAN_POINT('',(0.0231986666666667,-0.00120189768119427,0.00208174784932769));
#2119=CARTESIAN_POINT('',(0.0231230714285714,-2.06248893944544E-17,0.00277566379910358));
#2120=CARTESIAN_POINT('',(0.0230474761904762,0.00120189768119425,0.00208174784932769));
#2121=CARTESIAN_POINT('',(0.0229718809523809,0.00240379536238851,0.00138783189955181));
#2122=CARTESIAN_POINT('',(0.0228962857142857,0.00240379536238853,1.39332825275266E-17));
#2123=CARTESIAN_POINT('',(0.0228206904761905,0.00240379536238853,-0.00138783189955178));
#2124=CARTESIAN_POINT('',(0.0227450952380952,0.00120189768119428,-0.00208174784932768));
#2125=CARTESIAN_POINT('',(0.0226695,1.11036714263358E-17,-0.00277566379910358));
#2126=CARTESIAN_POINT('',(0.0225939047619047,-0.00120189768119425,-0.0020817478493277));
#2127=CARTESIAN_POINT('',(0.0225183095238095,-0.00240379536238852,-0.0013878318995518));
#2128=CARTESIAN_POINT('',(0.0224427142857143,-0.00240379536238853,-2.23788338634277E-17));
#2129=CARTESIAN_POINT('',(0.022367119047619,-0.00240379536238854,0.00138783189955177));
#2130=CARTESIAN_POINT('',(0.0222915238095238,-0.00120189768119427,0.00208174784932768));
#2131=CARTESIAN_POINT('',(0.0222159285714286,-2.13047309518706E-17,0.00277566379910358));
#2132=CARTESIAN_POINT('',(0.0221403333333333,0.00120189768119425,0.00208174784932769));
#2133=CARTESIAN_POINT('',(0.0220647380952381,0.00240379536238851,0.00138783189955181));
#2134=CARTESIAN_POINT('',(0.0219891428571428,0.00240379536238853,1.45220425867975E-17));
#2135=CARTESIAN_POINT('',(0.0219135476190476,0.00240379536238854,-0.00138783189955176));
#2136=CARTESIAN_POINT('',(0.0218379523809524,0.00120189768119428,-0.00208174784932768));
#2137=CARTESIAN_POINT('',(0.0217623571428571,1.17835129837521E-17,-0.00277566379910358));
#2138=CARTESIAN_POINT('',(0.0216867619047619,-0.00120189768119425,-0.0020817478493277));
#2139=CARTESIAN_POINT('',(0.0216111666666667,-0.00240379536238852,-0.0013878318995518));
#2140=CARTESIAN_POINT('',(0.0215355714285714,-0.00240379536238853,-2.29675939226986E-17));
#2141=CARTESIAN_POINT('',(0.0214599761904762,-0.00240379536238854,0.00138783189955177));
#2142=CARTESIAN_POINT('',(0.0213843809523809,-0.00120189768119427,0.00208174784932768));
#2143=CARTESIAN_POINT('',(0.0213087857142857,-2.19845725092869E-17,0.00277566379910358));
#2144=CARTESIAN_POINT('',(0.0212331904761905,0.00120189768119425,0.0020817478493277));
#2145=CARTESIAN_POINT('',(0.0211575952380952,0.00240379536238853,0.0013878318995518));
#2146=CARTESIAN_POINT('',(0.021082,0.00240379536238853,3.21907959760582E-17));
#2147=CARTESIAN_POINT('',(0.0210064047619048,0.00240379536238854,-0.00138783189955176));
#2148=CARTESIAN_POINT('',(0.0209308095238095,0.00120189768119428,-0.00208174784932768));
#2149=CARTESIAN_POINT('',(0.0208552142857143,1.24633545411684E-17,-0.00277566379910358));
#2150=CARTESIAN_POINT('',(0.0207796190476191,-0.00120189768119426,-0.00208174784932769));
#2151=CARTESIAN_POINT('',(0.0207040238095238,-0.00240379536238851,-0.00138783189955182));
#2152=CARTESIAN_POINT('',(0.0206284285714286,-0.00240379536238853,-2.35563539819694E-17));
#2153=CARTESIAN_POINT('',(0.0205528333333333,-0.00240379536238854,0.00138783189955177));
#2154=CARTESIAN_POINT('',(0.0204772380952381,-0.00120189768119427,0.00208174784932768));
#2155=CARTESIAN_POINT('',(0.0204016428571428,-2.94213657304989E-18,0.00277566379910358));
#2156=CARTESIAN_POINT('',(0.0203260476190476,0.00120189768119424,0.0020817478493277));
#2157=CARTESIAN_POINT('',(0.0202504523809524,0.00240379536238851,0.00138783189955181));
#2158=CARTESIAN_POINT('',(0.0201748571428571,0.00240379536238853,1.56995627053393E-17));
#2159=CARTESIAN_POINT('',(0.0200992619047619,0.00240379536238853,-0.00138783189955178));
#2160=CARTESIAN_POINT('',(0.0200236666666667,0.00120189768119429,-0.00208174784932767));
#2161=CARTESIAN_POINT('',(0.0199480714285714,3.2865473592238E-17,-0.00277566379910358));
#2162=CARTESIAN_POINT('',(0.0198724761904762,-0.00120189768119425,-0.0020817478493277));
#2163=CARTESIAN_POINT('',(0.019796880952381,-0.00240379536238852,-0.0013878318995518));
#2164=CARTESIAN_POINT('',(0.0197212857142857,-0.00240379536238853,-7.06512071125047E-18));
#2165=CARTESIAN_POINT('',(0.0196456904761905,-0.00240379536238855,0.00138783189955176));
#2166=CARTESIAN_POINT('',(0.0195700952380953,-0.00120189768119429,0.00208174784932768));
#2167=CARTESIAN_POINT('',(0.0194945,-2.33442556241195E-17,0.00277566379910358));
#2168=CARTESIAN_POINT('',(0.0194189047619048,0.00120189768119425,0.0020817478493277));
#2169=CARTESIAN_POINT('',(0.0193433095238096,0.00240379536238853,0.0013878318995518));
#2170=CARTESIAN_POINT('',(0.0192677142857143,0.00240379536238853,3.33683160946E-17));
#2171=CARTESIAN_POINT('',(0.019192119047619,0.00240379536238854,-0.00138783189955176));
#2172=CARTESIAN_POINT('',(0.0191165238095238,0.00120189768119428,-0.00208174784932768));
#2173=CARTESIAN_POINT('',(0.0190409285714286,1.38230376560009E-17,-0.00277566379910358));
#2174=CARTESIAN_POINT('',(0.0189653333333334,-0.00120189768119426,-0.00208174784932769));
#2175=CARTESIAN_POINT('',(0.0188897380952381,-0.00240379536238851,-0.00138783189955182));
#2176=CARTESIAN_POINT('',(0.0188141428571428,-0.00240379536238853,-2.47338741005112E-17));
#2177=CARTESIAN_POINT('',(0.0187385476190476,-0.00240379536238854,0.00138783189955177));
#2178=CARTESIAN_POINT('',(0.0186629523809524,-0.00120189768119427,0.00208174784932768));
#2179=CARTESIAN_POINT('',(0.0185873571428572,-4.37463746751891E-17,0.00277566379910358));
#2180=CARTESIAN_POINT('',(0.0185117619047619,0.00120189768119424,0.0020817478493277));
#2181=CARTESIAN_POINT('',(0.0184361666666667,0.00240379536238851,0.00138783189955181));
#2182=CARTESIAN_POINT('',(0.0183605714285714,0.00240379536238853,1.6877082823881E-17));
#2183=CARTESIAN_POINT('',(0.0182849761904762,0.00240379536238853,-0.00138783189955178));
#2184=CARTESIAN_POINT('',(0.0182093809523809,0.0012018976811943,-0.00208174784932767));
#2185=CARTESIAN_POINT('',(0.0181337857142857,3.42251567070706E-17,-0.00277566379910358));
#2186=CARTESIAN_POINT('',(0.0180581904761905,-0.00120189768119424,-0.0020817478493277));
#2187=CARTESIAN_POINT('',(0.0179825952380952,-0.00240379536238852,-0.00138783189955181));
#2188=CARTESIAN_POINT('',(0.017907,-0.00240379536238853,-8.24264082979222E-18));
#2189=CARTESIAN_POINT('',(0.0178314047619048,-0.00240379536238855,0.00138783189955176));
#2190=CARTESIAN_POINT('',(0.0177558095238095,-0.00120189768119429,0.00208174784932767));
#2191=CARTESIAN_POINT('',(0.0176802142857143,-2.47039387389521E-17,0.00277566379910358));
#2192=CARTESIAN_POINT('',(0.017604619047619,0.00120189768119425,0.0020817478493277));
#2193=CARTESIAN_POINT('',(0.0175290238095238,0.00240379536238853,0.0013878318995518));
#2194=CARTESIAN_POINT('',(0.0174534285714286,0.00240379536238853,3.45458362131417E-17));
#2195=CARTESIAN_POINT('',(0.0173778333333334,0.00240379536238854,-0.00138783189955176));
#2196=CARTESIAN_POINT('',(0.0173022380952381,0.00120189768119428,-0.00208174784932768));
#2197=CARTESIAN_POINT('',(0.0172266428571429,1.51827207708335E-17,-0.00277566379910358));
#2198=CARTESIAN_POINT('',(0.0171510476190476,-0.00120189768119423,-0.00208174784932771));
#2199=CARTESIAN_POINT('',(0.0170754523809524,-0.00240379536238851,-0.00138783189955182));
#2200=CARTESIAN_POINT('',(0.0169998571428571,-0.00240379536238853,-2.59113942190529E-17));
#2201=CARTESIAN_POINT('',(0.0169242619047619,-0.00240379536238854,0.00138783189955177));
#2202=CARTESIAN_POINT('',(0.0168486666666667,-0.00120189768119427,0.00208174784932768));
#2203=CARTESIAN_POINT('',(0.0167730714285714,-4.51060577900216E-17,0.00277566379910358));
#2204=CARTESIAN_POINT('',(0.0166974761904762,0.00120189768119424,0.00208174784932771));
#2205=CARTESIAN_POINT('',(0.016621880952381,0.00240379536238851,0.00138783189955182));
#2206=CARTESIAN_POINT('',(0.0165462857142857,0.00240379536238853,1.80546029424227E-17));
#2207=CARTESIAN_POINT('',(0.0164706904761905,0.00240379536238853,-0.00138783189955178));
#2208=CARTESIAN_POINT('',(0.0163950952380953,0.0012018976811943,-0.00208174784932767));
#2209=CARTESIAN_POINT('',(0.0163195,3.55848398219031E-17,-0.00277566379910358));
#2210=CARTESIAN_POINT('',(0.0162439047619048,-0.00120189768119424,-0.0020817478493277));
#2211=CARTESIAN_POINT('',(0.0161683095238095,-0.00240379536238852,-0.00138783189955181));
#2212=CARTESIAN_POINT('',(0.0160927142857143,-0.00240379536238853,-9.42016094833396E-18));
#2213=CARTESIAN_POINT('',(0.016017119047619,-0.00240379536238855,0.00138783189955175));
#2214=CARTESIAN_POINT('',(0.0159415238095238,-0.00120189768119429,0.00208174784932767));
#2215=CARTESIAN_POINT('',(0.0158659285714286,-2.60636218537846E-17,0.00277566379910358));
#2216=CARTESIAN_POINT('',(0.0157903333333334,0.00120189768119425,0.0020817478493277));
#2217=CARTESIAN_POINT('',(0.0157147380952381,0.0024037953623885,0.00138783189955183));
#2218=CARTESIAN_POINT('',(0.0156391428571428,0.00240379536238853,3.57233563316835E-17));
#2219=CARTESIAN_POINT('',(0.0155635476190476,0.00240379536238854,-0.00138783189955176));
#2220=CARTESIAN_POINT('',(0.0154879523809524,0.00120189768119428,-0.00208174784932768));
#2221=CARTESIAN_POINT('',(0.0154123571428571,1.65424038856661E-17,-0.00277566379910358));
#2222=CARTESIAN_POINT('',(0.0153367619047619,-0.00120189768119423,-0.00208174784932771));
#2223=CARTESIAN_POINT('',(0.0152611666666667,-0.00240379536238851,-0.00138783189955182));
#2224=CARTESIAN_POINT('',(0.0151855714285715,-0.00240379536238853,-2.70889143375947E-17));
#2225=CARTESIAN_POINT('',(0.0151099761904762,-0.00240379536238854,0.00138783189955177));
#2226=CARTESIAN_POINT('',(0.015034380952381,-0.00120189768119428,0.00208174784932768));
#2227=CARTESIAN_POINT('',(0.0149587857142857,-4.64657409048542E-17,0.00277566379910358));
#2228=CARTESIAN_POINT('',(0.0148831904761905,0.00120189768119423,0.00208174784932771));
#2229=CARTESIAN_POINT('',(0.0148075952380952,0.00240379536238851,0.00138783189955182));
#2230=CARTESIAN_POINT('',(0.014732,0.00240379536238853,1.92321230609645E-17));
#2231=CARTESIAN_POINT('',(0.0146564047619048,0.00240379536238856,-0.00138783189955174));
#2232=CARTESIAN_POINT('',(0.0145808095238095,0.0012018976811943,-0.00208174784932767));
#2233=CARTESIAN_POINT('',(0.0145052142857143,3.69445229367356E-17,-0.00277566379910358));
#2234=CARTESIAN_POINT('',(0.014429619047619,-0.00120189768119424,-0.0020817478493277));
#2235=CARTESIAN_POINT('',(0.0143540238095238,-0.00240379536238851,-0.00138783189955181));
#2236=CARTESIAN_POINT('',(0.0142784285714286,-0.00240379536238853,-4.47576677268554E-17));
#2237=CARTESIAN_POINT('',(0.0142028333333333,-0.00240379536238855,0.00138783189955175));
#2238=CARTESIAN_POINT('',(0.0141272380952381,-0.00120189768119429,0.00208174784932767));
#2239=CARTESIAN_POINT('',(0.0140516428571428,-2.74233049686171E-17,0.00277566379910358));
#2240=CARTESIAN_POINT('',(0.0139760476190476,0.00120189768119425,0.0020817478493277));
#2241=CARTESIAN_POINT('',(0.0139004523809524,0.0024037953623885,0.00138783189955183));
#2242=CARTESIAN_POINT('',(0.0138248571428571,0.00240379536238853,3.69008764502252E-17));
#2243=CARTESIAN_POINT('',(0.0137492619047619,0.00240379536238854,-0.00138783189955176));
#2244=CARTESIAN_POINT('',(0.0136736666666667,0.00120189768119428,-0.00208174784932768));
#2245=CARTESIAN_POINT('',(0.0135980714285714,1.79020870004986E-17,-0.00277566379910358));
#2246=CARTESIAN_POINT('',(0.0135224761904762,-0.00120189768119423,-0.00208174784932771));
#2247=CARTESIAN_POINT('',(0.013446880952381,-0.00240379536238851,-0.00138783189955182));
#2248=CARTESIAN_POINT('',(0.0133712857142857,-0.00240379536238853,-2.82664344561364E-17));
#2249=CARTESIAN_POINT('',(0.0132956904761905,-0.00240379536238854,0.00138783189955177));
#2250=CARTESIAN_POINT('',(0.0132200952380952,-0.00120189768119431,0.00208174784932766));
#2251=CARTESIAN_POINT('',(0.0131445,-4.78254240196867E-17,0.00277566379910358));
#2252=CARTESIAN_POINT('',(0.0130689047619048,0.00120189768119423,0.00208174784932771));
#2253=CARTESIAN_POINT('',(0.0129933095238095,0.00240379536238851,0.00138783189955182));
#2254=CARTESIAN_POINT('',(0.0129177142857143,0.00240379536238853,2.04096431795062E-17));
#2255=CARTESIAN_POINT('',(0.012842119047619,0.00240379536238856,-0.00138783189955174));
#2256=CARTESIAN_POINT('',(0.0127665238095238,0.0012018976811943,-0.00208174784932767));
#2257=CARTESIAN_POINT('',(0.0126909285714286,3.83042060515682E-17,-0.00277566379910358));
#2258=CARTESIAN_POINT('',(0.0126153333333333,-0.00120189768119424,-0.0020817478493277));
#2259=CARTESIAN_POINT('',(0.0125397380952381,-0.00240379536238851,-0.00138783189955181));
#2260=CARTESIAN_POINT('',(0.0124641428571429,-0.00240379536238853,-4.59351878453972E-17));
#2261=CARTESIAN_POINT('',(0.0123885476190476,-0.00240379536238855,0.00138783189955175));
#2262=CARTESIAN_POINT('',(0.0123129523809524,-0.00120189768119429,0.00208174784932767));
#2263=CARTESIAN_POINT('',(0.0122373571428571,-2.87829880834497E-17,0.00277566379910358));
#2264=CARTESIAN_POINT('',(0.0121617619047619,0.00120189768119425,0.0020817478493277));
#2265=CARTESIAN_POINT('',(0.0120861666666667,0.00240379536238852,0.0013878318995518));
#2266=CARTESIAN_POINT('',(0.0120105714285714,0.00240379536238853,3.8078396568767E-17));
#2267=CARTESIAN_POINT('',(0.0119349761904762,0.00240379536238857,-0.00138783189955173));
#2268=CARTESIAN_POINT('',(0.011859380952381,0.00120189768119428,-0.00208174784932768));
#2269=CARTESIAN_POINT('',(0.0117837857142857,5.87063251026377E-17,-0.00277566379910358));
#2270=CARTESIAN_POINT('',(0.0117081904761905,-0.00120189768119426,-0.00208174784932769));
#2271=CARTESIAN_POINT('',(0.0116325952380952,-0.00240379536238851,-0.00138783189955183));
#2272=CARTESIAN_POINT('',(0.011557,-0.00240379536238853,-6.36039412346579E-17));
#2273=CARTESIAN_POINT('',(0.0114814047619048,-0.00240379536238854,0.00138783189955177));
#2274=CARTESIAN_POINT('',(0.0114058095238095,-0.00120189768119431,0.00208174784932766));
#2275=CARTESIAN_POINT('',(0.0113302142857143,-9.74055214721265E-18,0.00277566379910358));
#2276=CARTESIAN_POINT('',(0.011254619047619,0.00120189768119423,0.00208174784932771));
#2277=CARTESIAN_POINT('',(0.0111790238095238,0.00240379536238849,0.00138783189955186));
#2278=CARTESIAN_POINT('',(0.0111034285714286,0.00240379536238853,2.1587163298048E-17));
#2279=CARTESIAN_POINT('',(0.0110278333333333,0.00240379536238856,-0.00138783189955174));
#2280=CARTESIAN_POINT('',(0.0109522380952381,0.00120189768119427,-0.00208174784932768));
#2281=CARTESIAN_POINT('',(0.0108766428571429,3.96638891664008E-17,-0.00277566379910358));
#2282=CARTESIAN_POINT('',(0.0108010476190476,-0.00120189768119421,-0.00208174784932772));
#2283=CARTESIAN_POINT('',(0.0107254523809524,-0.00240379536238851,-0.00138783189955181));
#2284=CARTESIAN_POINT('',(0.0106498571428571,-0.00240379536238853,-4.71127079639389E-17));
#2285=CARTESIAN_POINT('',(0.0105742619047619,-0.00240379536238853,0.00138783189955179));
#2286=CARTESIAN_POINT('',(0.0104986666666667,-0.00120189768119429,0.00208174784932767));
#2287=CARTESIAN_POINT('',(0.0104230714285714,-6.95872261855889E-17,0.00277566379910358));
#2288=CARTESIAN_POINT('',(0.0103474761904762,0.00120189768119425,0.0020817478493277));
#2289=CARTESIAN_POINT('',(0.010271880952381,0.0024037953623885,0.00138783189955184));
#2290=CARTESIAN_POINT('',(0.0101962857142857,0.00240379536238853,5.09593002732899E-18));
#2291=CARTESIAN_POINT('',(0.0101206904761905,0.00240379536238854,-0.00138783189955176));
#2292=CARTESIAN_POINT('',(0.0100450952380952,0.00120189768119431,-0.00208174784932766));
#2293=CARTESIAN_POINT('',(0.0099695,2.06214532301637E-17,-0.00277566379910358));
#2294=CARTESIAN_POINT('',(0.00989390476190476,-0.00120189768119422,-0.00208174784932771));
#2295=CARTESIAN_POINT('',(0.00981830952380952,-0.00240379536238849,-0.00138783189955186));
#2296=CARTESIAN_POINT('',(0.00974271428571429,-0.00240379536238853,-3.06214746932199E-17));
#2297=CARTESIAN_POINT('',(0.00966711904761905,-0.00240379536238856,0.00138783189955173));
#2298=CARTESIAN_POINT('',(0.00959152380952381,-0.00120189768119428,0.00208174784932768));
#2299=CARTESIAN_POINT('',(0.00951592857142856,-5.05447902493518E-17,0.00277566379910358));
#2300=CARTESIAN_POINT('',(0.00944033333333334,0.0012018976811942,0.00208174784932772));
#2301=CARTESIAN_POINT('',(0.0093647380952381,0.00240379536238851,0.00138783189955182));
#2302=CARTESIAN_POINT('',(0.00928914285714286,0.00240379536238853,5.69246700765695E-17));
#2303=CARTESIAN_POINT('',(0.00921354761904762,0.00240379536238854,-0.00138783189955177));
#2304=CARTESIAN_POINT('',(0.00913795238095238,0.0012018976811943,-0.00208174784932767));
#2305=CARTESIAN_POINT('',(0.00906235714285714,8.04681272685399E-17,-0.00277566379910358));
#2306=CARTESIAN_POINT('',(0.0089867619047619,-0.00120189768119424,-0.0020817478493277));
#2307=CARTESIAN_POINT('',(0.00891116666666666,-0.0024037953623885,-0.00138783189955185));
#2308=CARTESIAN_POINT('',(0.00883557142857143,-0.00240379536238853,-1.41302414225009E-17));
#2309=CARTESIAN_POINT('',(0.00875997619047618,-0.00240379536238855,0.00138783189955175));
#2310=CARTESIAN_POINT('',(0.00868438095238095,-0.00120189768119432,0.00208174784932765));
#2311=CARTESIAN_POINT('',(0.00860878571428571,-3.15023543131148E-17,0.00277566379910358));
#2312=CARTESIAN_POINT('',(0.00853319047619048,0.00120189768119422,0.00208174784932772));
#2313=CARTESIAN_POINT('',(0.00845759523809524,0.00240379536238852,0.0013878318995518));
#2314=CARTESIAN_POINT('',(0.008382,0.00240379536238853,4.04334368058504E-17));
#2315=CARTESIAN_POINT('',(0.00830640476190476,0.00240379536238857,-0.00138783189955172));
#2316=CARTESIAN_POINT('',(0.00823080952380952,0.00120189768119429,-0.00208174784932768));
#2317=CARTESIAN_POINT('',(0.00815521428571429,6.14256913323029E-17,-0.00277566379910358));
#2318=CARTESIAN_POINT('',(0.00807961904761905,-0.00120189768119425,-0.00208174784932769));
#2319=CARTESIAN_POINT('',(0.00800402380952381,-0.0024037953623885,-0.00138783189955183));
#2320=CARTESIAN_POINT('',(0.00792842857142857,-0.00240379536238853,-6.59589814717414E-17));
#2321=CARTESIAN_POINT('',(0.00785283333333333,-0.00240379536238854,0.00138783189955176));
#2322=CARTESIAN_POINT('',(0.00777723809523809,-0.00120189768119431,0.00208174784932766));
#2323=CARTESIAN_POINT('',(0.00770164285714285,-1.24599183768777E-17,0.00277566379910358));
#2324=CARTESIAN_POINT('',(0.00762604761904762,0.00120189768119423,0.00208174784932771));
#2325=CARTESIAN_POINT('',(0.00755045238095238,0.00240379536238849,0.00138783189955186));
#2326=CARTESIAN_POINT('',(0.00747485714285714,0.00240379536238853,2.39422035351314E-17));
#2327=CARTESIAN_POINT('',(0.0073992619047619,0.00240379536238856,-0.00138783189955174));
#2328=CARTESIAN_POINT('',(0.00732366666666667,0.00120189768119427,-0.00208174784932768));
#2329=CARTESIAN_POINT('',(0.00724807142857143,4.23832553960659E-17,-0.00277566379910358));
#2330=CARTESIAN_POINT('',(0.00717247619047619,-0.00120189768119421,-0.00208174784932772));
#2331=CARTESIAN_POINT('',(0.00709688095238095,-0.00240379536238851,-0.00138783189955181));
#2332=CARTESIAN_POINT('',(0.00702128571428572,-0.00240379536238853,-4.94677482010224E-17));
#2333=CARTESIAN_POINT('',(0.00694569047619048,-0.00240379536238857,0.00138783189955171));
#2334=CARTESIAN_POINT('',(0.00687009523809524,-0.00120189768119429,0.00208174784932767));
#2335=CARTESIAN_POINT('',(0.0067945,-7.2306592415254E-17,0.00277566379910358));
#2336=CARTESIAN_POINT('',(0.00671890476190476,0.00120189768119425,0.0020817478493277));
#2337=CARTESIAN_POINT('',(0.00664330952380952,0.0024037953623885,0.00138783189955184));
#2338=CARTESIAN_POINT('',(0.00656771428571428,0.00240379536238853,7.57709435843719E-17));
#2339=CARTESIAN_POINT('',(0.00649211904761904,0.00240379536238855,-0.00138783189955176));
#2340=CARTESIAN_POINT('',(0.00641652380952381,0.00120189768119432,-0.00208174784932766));
#2341=CARTESIAN_POINT('',(0.00634092857142857,2.33408194598288E-17,-0.00277566379910358));
#2342=CARTESIAN_POINT('',(0.00626533333333334,-0.00120189768119422,-0.00208174784932771));
#2343=CARTESIAN_POINT('',(0.00618973809523809,-0.00240379536238849,-0.00138783189955187));
#2344=CARTESIAN_POINT('',(0.00611414285714286,-0.00240379536238853,-3.29765149303034E-17));
#2345=CARTESIAN_POINT('',(0.00603854761904762,-0.00240379536238856,0.00138783189955173));
#2346=CARTESIAN_POINT('',(0.00596295238095238,-0.00120189768119428,0.00208174784932768));
#2347=CARTESIAN_POINT('',(0.00588735714285715,-5.3264156479017E-17,0.00277566379910358));
#2348=CARTESIAN_POINT('',(0.0058117619047619,0.0012018976811942,0.00208174784932773));
#2349=CARTESIAN_POINT('',(0.00573616666666667,0.00240379536238851,0.00138783189955182));
#2350=CARTESIAN_POINT('',(0.00566057142857143,0.00240379536238853,5.9279710313653E-17));
#2351=CARTESIAN_POINT('',(0.00558497619047619,0.00240379536238854,-0.00138783189955177));
#2352=CARTESIAN_POINT('',(0.00550938095238095,0.0012018976811943,-0.00208174784932767));
#2353=CARTESIAN_POINT('',(0.00543378571428571,8.3187493498205E-17,-0.00277566379910358));
#2354=CARTESIAN_POINT('',(0.00535819047619048,-0.00120189768119424,-0.0020817478493277));
#2355=CARTESIAN_POINT('',(0.00528259523809524,-0.00240379536238849,-0.00138783189955185));
#2356=CARTESIAN_POINT('',(0.005207,-0.00240379536238853,-1.64852816595844E-17));
#2357=CARTESIAN_POINT('',(0.0301399546376115,0.00239174352102114,-0.000240406060435298));
#2358=CARTESIAN_POINT('',(0.005207,-0.00240379536238853,-8.24264082979222E-18));
#2359=CARTESIAN_POINT('',(0.0301399546376115,0.00239174352102114,-0.000240406060435298));
#2360=CARTESIAN_POINT('',(0.0301219664497303,0.00236018539082187,-0.00073423252983164));
#2361=CARTESIAN_POINT('',(0.0300813882111228,0.00199541023833404,-0.00168457916692794));
#2362=CARTESIAN_POINT('',(0.0300322014048753,0.000728305441217614,-0.00255835142865667));
#2363=CARTESIAN_POINT('',(0.0299742302618329,-0.000805300807840251,-0.00259101391832052));
#2364=CARTESIAN_POINT('',(0.0299269706945493,-0.00210456229530601,-0.00178203892266141));
#2365=CARTESIAN_POINT('',(0.0298718747963195,-0.00277944079365915,-0.000414219096960864));
#2366=CARTESIAN_POINT('',(0.0298256913040638,-0.00262966903859814,0.00110876268902621));
#2367=CARTESIAN_POINT('',(0.0297732067143561,-0.00172876822788966,0.00233217025566275));
#2368=CARTESIAN_POINT('',(0.0297284107838217,-0.000325954516735285,0.00292842897707518));
#2369=CARTESIAN_POINT('',(0.0296775851374568,0.00118248612295101,0.00275059354263603));
#2370=CARTESIAN_POINT('',(0.0296347290110966,0.002404842392859,0.00185216864143818));
#2371=CARTESIAN_POINT('',(0.0295848699004005,0.00304556592163027,0.000477457782164565));
#2372=CARTESIAN_POINT('',(0.0295441090658947,0.00294590550638728,-0.00103262053872168));
#2373=CARTESIAN_POINT('',(0.0294952898187587,0.00215686666596124,-0.00232079585877509));
#2374=CARTESIAN_POINT('',(0.0294419103174115,0.000418042283620945,-0.00335170234881719));
#2375=CARTESIAN_POINT('',(0.0293964516729125,-0.00117515095262683,-0.0030820184315956));
#2376=CARTESIAN_POINT('',(0.02936875,-0.00196711919222761,-0.00249220125262183));
#2377=CARTESIAN_POINT('',(0.00542925,-0.00278939768119427,3.08148791101958E-33));
#2378=CARTESIAN_POINT('',(0.0302896438035662,0.00142518578924271,0.00193573696828397));
#2379=CARTESIAN_POINT('',(0.0302196225038555,0.00240379536238853,0.0012152359499557));
#2380=CARTESIAN_POINT('',(0.0301534285714286,0.00240379536238853,6.83205388364721E-19));
#2381=CARTESIAN_POINT('',(0.0300778333333333,0.00240379536238853,-0.00138783189955179));
#2382=CARTESIAN_POINT('',(0.0300022380952381,0.00120189768119427,-0.00208174784932769));
#2383=CARTESIAN_POINT('',(0.0299266428571429,7.34369593592313E-19,-0.00277566379910358));
#2384=CARTESIAN_POINT('',(0.0298510476190476,-0.00120189768119426,-0.00208174784932769));
#2385=CARTESIAN_POINT('',(0.0297754523809524,-0.00240379536238853,-0.00138783189955179));
#2386=CARTESIAN_POINT('',(0.0296998571428571,-0.00240379536238853,0.));
#2387=CARTESIAN_POINT('',(0.0296242619047619,-0.00240379536238853,0.00138783189955179));
#2388=CARTESIAN_POINT('',(0.0295486666666667,-0.00120189768119426,0.00208174784932769));
#2389=CARTESIAN_POINT('',(0.0294730714285715,-3.94448814884174E-19,0.00277566379910358));
#2390=CARTESIAN_POINT('',(0.0293974761904762,0.00120189768119426,0.00208174784932769));
#2391=CARTESIAN_POINT('',(0.0293218809523809,0.00240379536238853,0.00138783189955179));
#2392=CARTESIAN_POINT('',(0.0292462857142857,0.00240379536238853,6.83205388364721E-19));
#2393=CARTESIAN_POINT('',(0.0291706904761905,0.00240379536238853,-0.00138783189955179));
#2394=CARTESIAN_POINT('',(0.0290950952380952,0.00120189768119427,-0.00208174784932769));
#2395=CARTESIAN_POINT('',(0.0290195,7.34369593592313E-19,-0.00277566379910358));
#2396=CARTESIAN_POINT('',(0.0289439047619047,-0.00120189768119426,-0.00208174784932769));
#2397=CARTESIAN_POINT('',(0.0288683095238095,-0.00240379536238853,-0.00138783189955179));
#2398=CARTESIAN_POINT('',(0.0287927142857143,-0.00240379536238853,0.));
#2399=CARTESIAN_POINT('',(0.0287171190476191,-0.00240379536238853,0.00138783189955179));
#2400=CARTESIAN_POINT('',(0.0286415238095238,-0.00120189768119426,0.00208174784932769));
#2401=CARTESIAN_POINT('',(0.0285659285714285,-3.94448814884174E-19,0.00277566379910358));
#2402=CARTESIAN_POINT('',(0.0284903333333334,0.00120189768119426,0.00208174784932769));
#2403=CARTESIAN_POINT('',(0.0284147380952381,0.00240379536238853,0.00138783189955179));
#2404=CARTESIAN_POINT('',(0.0283391428571429,0.00240379536238853,6.83205388364721E-19));
#2405=CARTESIAN_POINT('',(0.0282635476190476,0.00240379536238853,-0.00138783189955179));
#2406=CARTESIAN_POINT('',(0.0281879523809524,0.00120189768119427,-0.00208174784932769));
#2407=CARTESIAN_POINT('',(0.0281123571428571,7.34369593592313E-19,-0.00277566379910358));
#2408=CARTESIAN_POINT('',(0.0280367619047619,-0.00120189768119426,-0.00208174784932769));
#2409=CARTESIAN_POINT('',(0.0279611666666667,-0.00240379536238853,-0.00138783189955179));
#2410=CARTESIAN_POINT('',(0.0278855714285715,-0.00240379536238853,0.));
#2411=CARTESIAN_POINT('',(0.0278099761904762,-0.00240379536238853,0.00138783189955179));
#2412=CARTESIAN_POINT('',(0.027734380952381,-0.00120189768119426,0.00208174784932769));
#2413=CARTESIAN_POINT('',(0.0276587857142857,-3.94448814884174E-19,0.00277566379910358));
#2414=CARTESIAN_POINT('',(0.0275831904761905,0.00120189768119426,0.00208174784932769));
#2415=CARTESIAN_POINT('',(0.0275075952380953,0.00240379536238853,0.00138783189955179));
#2416=CARTESIAN_POINT('',(0.027432,0.00240379536238853,6.83205388364721E-19));
#2417=CARTESIAN_POINT('',(0.0273564047619047,0.00240379536238853,-0.00138783189955179));
#2418=CARTESIAN_POINT('',(0.0272808095238096,0.00120189768119427,-0.00208174784932769));
#2419=CARTESIAN_POINT('',(0.0272052142857143,7.34369593592313E-19,-0.00277566379910358));
#2420=CARTESIAN_POINT('',(0.0271296190476191,-0.00120189768119426,-0.00208174784932769));
#2421=CARTESIAN_POINT('',(0.0270540238095238,-0.00240379536238853,-0.00138783189955179));
#2422=CARTESIAN_POINT('',(0.0269784285714286,-0.00240379536238853,0.));
#2423=CARTESIAN_POINT('',(0.0269028333333333,-0.00240379536238853,0.00138783189955179));
#2424=CARTESIAN_POINT('',(0.0268272380952381,-0.00120189768119426,0.00208174784932769));
#2425=CARTESIAN_POINT('',(0.0267516428571429,-3.94448814884174E-19,0.00277566379910358));
#2426=CARTESIAN_POINT('',(0.0266760476190476,0.00120189768119426,0.00208174784932769));
#2427=CARTESIAN_POINT('',(0.0266004523809524,0.00240379536238853,0.00138783189955179));
#2428=CARTESIAN_POINT('',(0.0265248571428571,0.00240379536238853,6.83205388364721E-19));
#2429=CARTESIAN_POINT('',(0.0264492619047619,0.00240379536238853,-0.00138783189955179));
#2430=CARTESIAN_POINT('',(0.0263736666666667,0.00120189768119427,-0.00208174784932769));
#2431=CARTESIAN_POINT('',(0.0262980714285714,7.34369593592313E-19,-0.00277566379910358));
#2432=CARTESIAN_POINT('',(0.0262224761904762,-0.00120189768119426,-0.00208174784932769));
#2433=CARTESIAN_POINT('',(0.0261468809523809,-0.00240379536238853,-0.00138783189955179));
#2434=CARTESIAN_POINT('',(0.0260712857142857,-0.00240379536238853,0.));
#2435=CARTESIAN_POINT('',(0.0259956904761905,-0.00240379536238853,0.00138783189955179));
#2436=CARTESIAN_POINT('',(0.0259200952380952,-0.00120189768119426,0.00208174784932769));
#2437=CARTESIAN_POINT('',(0.0258445,-3.94448814884174E-19,0.00277566379910358));
#2438=CARTESIAN_POINT('',(0.0257689047619047,0.00120189768119426,0.00208174784932769));
#2439=CARTESIAN_POINT('',(0.0256933095238095,0.00240379536238853,0.00138783189955179));
#2440=CARTESIAN_POINT('',(0.0256177142857143,0.00240379536238853,6.83205388364721E-19));
#2441=CARTESIAN_POINT('',(0.0255421190476191,0.00240379536238853,-0.00138783189955179));
#2442=CARTESIAN_POINT('',(0.0254665238095238,0.00120189768119427,-0.00208174784932769));
#2443=CARTESIAN_POINT('',(0.0253909285714285,7.34369593592313E-19,-0.00277566379910358));
#2444=CARTESIAN_POINT('',(0.0253153333333333,-0.00120189768119426,-0.00208174784932769));
#2445=CARTESIAN_POINT('',(0.0252397380952381,-0.00240379536238853,-0.00138783189955179));
#2446=CARTESIAN_POINT('',(0.0251641428571429,-0.00240379536238853,0.));
#2447=CARTESIAN_POINT('',(0.0250885476190476,-0.00240379536238853,0.00138783189955179));
#2448=CARTESIAN_POINT('',(0.0250129523809524,-0.00120189768119426,0.00208174784932769));
#2449=CARTESIAN_POINT('',(0.0249373571428571,-3.94448814884174E-19,0.00277566379910358));
#2450=CARTESIAN_POINT('',(0.0248617619047619,0.00120189768119426,0.00208174784932769));
#2451=CARTESIAN_POINT('',(0.0247861666666667,0.00240379536238853,0.00138783189955179));
#2452=CARTESIAN_POINT('',(0.0247105714285714,0.00240379536238853,6.83205388364721E-19));
#2453=CARTESIAN_POINT('',(0.0246349761904762,0.00240379536238853,-0.00138783189955179));
#2454=CARTESIAN_POINT('',(0.024559380952381,0.00120189768119427,-0.00208174784932769));
#2455=CARTESIAN_POINT('',(0.0244837857142857,7.34369593592313E-19,-0.00277566379910358));
#2456=CARTESIAN_POINT('',(0.0244081904761905,-0.00120189768119426,-0.00208174784932769));
#2457=CARTESIAN_POINT('',(0.0243325952380952,-0.00240379536238853,-0.00138783189955179));
#2458=CARTESIAN_POINT('',(0.024257,-0.00240379536238853,0.));
#2459=CARTESIAN_POINT('',(0.0241814047619047,-0.00240379536238853,0.00138783189955179));
#2460=CARTESIAN_POINT('',(0.0241058095238096,-0.00120189768119426,0.00208174784932769));
#2461=CARTESIAN_POINT('',(0.0240302142857143,-3.94448814884174E-19,0.00277566379910358));
#2462=CARTESIAN_POINT('',(0.0239546190476191,0.00120189768119426,0.00208174784932769));
#2463=CARTESIAN_POINT('',(0.0238790238095238,0.00240379536238853,0.00138783189955179));
#2464=CARTESIAN_POINT('',(0.0238034285714286,0.00240379536238853,6.83205388364721E-19));
#2465=CARTESIAN_POINT('',(0.0237278333333333,0.00240379536238853,-0.00138783189955179));
#2466=CARTESIAN_POINT('',(0.0236522380952381,0.00120189768119427,-0.00208174784932769));
#2467=CARTESIAN_POINT('',(0.0235766428571429,7.34369593592313E-19,-0.00277566379910358));
#2468=CARTESIAN_POINT('',(0.0235010476190477,-0.00120189768119426,-0.00208174784932769));
#2469=CARTESIAN_POINT('',(0.0234254523809524,-0.00240379536238853,-0.00138783189955179));
#2470=CARTESIAN_POINT('',(0.0233498571428571,-0.00240379536238853,0.));
#2471=CARTESIAN_POINT('',(0.0232742619047619,-0.00240379536238853,0.00138783189955179));
#2472=CARTESIAN_POINT('',(0.0231986666666667,-0.00120189768119426,0.00208174784932769));
#2473=CARTESIAN_POINT('',(0.0231230714285714,-3.94448814884174E-19,0.00277566379910358));
#2474=CARTESIAN_POINT('',(0.0230474761904762,0.00120189768119426,0.00208174784932769));
#2475=CARTESIAN_POINT('',(0.0229718809523809,0.00240379536238853,0.00138783189955179));
#2476=CARTESIAN_POINT('',(0.0228962857142857,0.00240379536238853,6.83205388364721E-19));
#2477=CARTESIAN_POINT('',(0.0228206904761905,0.00240379536238853,-0.00138783189955179));
#2478=CARTESIAN_POINT('',(0.0227450952380952,0.00120189768119427,-0.00208174784932769));
#2479=CARTESIAN_POINT('',(0.0226695,7.34369593592313E-19,-0.00277566379910358));
#2480=CARTESIAN_POINT('',(0.0225939047619047,-0.00120189768119426,-0.00208174784932769));
#2481=CARTESIAN_POINT('',(0.0225183095238095,-0.00240379536238853,-0.00138783189955179));
#2482=CARTESIAN_POINT('',(0.0224427142857143,-0.00240379536238853,0.));
#2483=CARTESIAN_POINT('',(0.022367119047619,-0.00240379536238853,0.00138783189955179));
#2484=CARTESIAN_POINT('',(0.0222915238095238,-0.00120189768119426,0.00208174784932769));
#2485=CARTESIAN_POINT('',(0.0222159285714286,-3.94448814884174E-19,0.00277566379910358));
#2486=CARTESIAN_POINT('',(0.0221403333333333,0.00120189768119426,0.00208174784932769));
#2487=CARTESIAN_POINT('',(0.0220647380952381,0.00240379536238853,0.00138783189955179));
#2488=CARTESIAN_POINT('',(0.0219891428571428,0.00240379536238853,6.83205388364721E-19));
#2489=CARTESIAN_POINT('',(0.0219135476190476,0.00240379536238853,-0.00138783189955179));
#2490=CARTESIAN_POINT('',(0.0218379523809524,0.00120189768119427,-0.00208174784932769));
#2491=CARTESIAN_POINT('',(0.0217623571428571,7.34369593592313E-19,-0.00277566379910358));
#2492=CARTESIAN_POINT('',(0.0216867619047619,-0.00120189768119426,-0.00208174784932769));
#2493=CARTESIAN_POINT('',(0.0216111666666667,-0.00240379536238853,-0.00138783189955179));
#2494=CARTESIAN_POINT('',(0.0215355714285714,-0.00240379536238853,0.));
#2495=CARTESIAN_POINT('',(0.0214599761904762,-0.00240379536238853,0.00138783189955179));
#2496=CARTESIAN_POINT('',(0.0213843809523809,-0.00120189768119426,0.00208174784932769));
#2497=CARTESIAN_POINT('',(0.0213087857142857,-3.94448814884174E-19,0.00277566379910358));
#2498=CARTESIAN_POINT('',(0.0212331904761905,0.00120189768119426,0.00208174784932769));
#2499=CARTESIAN_POINT('',(0.0211575952380952,0.00240379536238853,0.00138783189955179));
#2500=CARTESIAN_POINT('',(0.021082,0.00240379536238853,6.83205388364721E-19));
#2501=CARTESIAN_POINT('',(0.0210064047619048,0.00240379536238853,-0.00138783189955179));
#2502=CARTESIAN_POINT('',(0.0209308095238095,0.00120189768119427,-0.00208174784932769));
#2503=CARTESIAN_POINT('',(0.0208552142857143,7.34369593592313E-19,-0.00277566379910358));
#2504=CARTESIAN_POINT('',(0.0207796190476191,-0.00120189768119426,-0.00208174784932769));
#2505=CARTESIAN_POINT('',(0.0207040238095238,-0.00240379536238853,-0.00138783189955179));
#2506=CARTESIAN_POINT('',(0.0206284285714286,-0.00240379536238853,0.));
#2507=CARTESIAN_POINT('',(0.0205528333333333,-0.00240379536238853,0.00138783189955179));
#2508=CARTESIAN_POINT('',(0.0204772380952381,-0.00120189768119426,0.00208174784932769));
#2509=CARTESIAN_POINT('',(0.0204016428571428,-3.94448814884174E-19,0.00277566379910358));
#2510=CARTESIAN_POINT('',(0.0203260476190476,0.00120189768119426,0.00208174784932769));
#2511=CARTESIAN_POINT('',(0.0202504523809524,0.00240379536238853,0.00138783189955179));
#2512=CARTESIAN_POINT('',(0.0201748571428571,0.00240379536238853,6.83205388364721E-19));
#2513=CARTESIAN_POINT('',(0.0200992619047619,0.00240379536238853,-0.00138783189955179));
#2514=CARTESIAN_POINT('',(0.0200236666666667,0.00120189768119427,-0.00208174784932769));
#2515=CARTESIAN_POINT('',(0.0199480714285714,7.34369593592313E-19,-0.00277566379910358));
#2516=CARTESIAN_POINT('',(0.0198724761904762,-0.00120189768119426,-0.00208174784932769));
#2517=CARTESIAN_POINT('',(0.019796880952381,-0.00240379536238853,-0.00138783189955179));
#2518=CARTESIAN_POINT('',(0.0197212857142857,-0.00240379536238853,0.));
#2519=CARTESIAN_POINT('',(0.0196456904761905,-0.00240379536238853,0.00138783189955179));
#2520=CARTESIAN_POINT('',(0.0195700952380953,-0.00120189768119426,0.00208174784932769));
#2521=CARTESIAN_POINT('',(0.0194945,-3.94448814884174E-19,0.00277566379910358));
#2522=CARTESIAN_POINT('',(0.0194189047619048,0.00120189768119426,0.00208174784932769));
#2523=CARTESIAN_POINT('',(0.0193433095238096,0.00240379536238853,0.00138783189955179));
#2524=CARTESIAN_POINT('',(0.0192677142857143,0.00240379536238853,6.83205388364721E-19));
#2525=CARTESIAN_POINT('',(0.019192119047619,0.00240379536238853,-0.00138783189955179));
#2526=CARTESIAN_POINT('',(0.0191165238095238,0.00120189768119427,-0.00208174784932769));
#2527=CARTESIAN_POINT('',(0.0190409285714286,7.34369593592313E-19,-0.00277566379910358));
#2528=CARTESIAN_POINT('',(0.0189653333333334,-0.00120189768119426,-0.00208174784932769));
#2529=CARTESIAN_POINT('',(0.0188897380952381,-0.00240379536238853,-0.00138783189955179));
#2530=CARTESIAN_POINT('',(0.0188141428571428,-0.00240379536238853,0.));
#2531=CARTESIAN_POINT('',(0.0187385476190476,-0.00240379536238853,0.00138783189955179));
#2532=CARTESIAN_POINT('',(0.0186629523809524,-0.00120189768119426,0.00208174784932769));
#2533=CARTESIAN_POINT('',(0.0185873571428572,-3.94448814884174E-19,0.00277566379910358));
#2534=CARTESIAN_POINT('',(0.0185117619047619,0.00120189768119426,0.00208174784932769));
#2535=CARTESIAN_POINT('',(0.0184361666666667,0.00240379536238853,0.00138783189955179));
#2536=CARTESIAN_POINT('',(0.0183605714285714,0.00240379536238853,6.83205388364721E-19));
#2537=CARTESIAN_POINT('',(0.0182849761904762,0.00240379536238853,-0.00138783189955179));
#2538=CARTESIAN_POINT('',(0.0182093809523809,0.00120189768119427,-0.00208174784932769));
#2539=CARTESIAN_POINT('',(0.0181337857142857,7.34369593592313E-19,-0.00277566379910358));
#2540=CARTESIAN_POINT('',(0.0180581904761905,-0.00120189768119426,-0.00208174784932769));
#2541=CARTESIAN_POINT('',(0.0179825952380952,-0.00240379536238853,-0.00138783189955179));
#2542=CARTESIAN_POINT('',(0.017907,-0.00240379536238853,0.));
#2543=CARTESIAN_POINT('',(0.0178314047619048,-0.00240379536238853,0.00138783189955179));
#2544=CARTESIAN_POINT('',(0.0177558095238095,-0.00120189768119426,0.00208174784932769));
#2545=CARTESIAN_POINT('',(0.0176802142857143,-3.94448814884174E-19,0.00277566379910358));
#2546=CARTESIAN_POINT('',(0.017604619047619,0.00120189768119426,0.00208174784932769));
#2547=CARTESIAN_POINT('',(0.0175290238095238,0.00240379536238853,0.00138783189955179));
#2548=CARTESIAN_POINT('',(0.0174534285714286,0.00240379536238853,6.83205388364721E-19));
#2549=CARTESIAN_POINT('',(0.0173778333333334,0.00240379536238853,-0.00138783189955179));
#2550=CARTESIAN_POINT('',(0.0173022380952381,0.00120189768119427,-0.00208174784932769));
#2551=CARTESIAN_POINT('',(0.0172266428571429,7.34369593592313E-19,-0.00277566379910358));
#2552=CARTESIAN_POINT('',(0.0171510476190476,-0.00120189768119426,-0.00208174784932769));
#2553=CARTESIAN_POINT('',(0.0170754523809524,-0.00240379536238853,-0.00138783189955179));
#2554=CARTESIAN_POINT('',(0.0169998571428571,-0.00240379536238853,0.));
#2555=CARTESIAN_POINT('',(0.0169242619047619,-0.00240379536238853,0.00138783189955179));
#2556=CARTESIAN_POINT('',(0.0168486666666667,-0.00120189768119426,0.00208174784932769));
#2557=CARTESIAN_POINT('',(0.0167730714285714,-3.94448814884174E-19,0.00277566379910358));
#2558=CARTESIAN_POINT('',(0.0166974761904762,0.00120189768119426,0.00208174784932769));
#2559=CARTESIAN_POINT('',(0.016621880952381,0.00240379536238853,0.00138783189955179));
#2560=CARTESIAN_POINT('',(0.0165462857142857,0.00240379536238853,6.83205388364721E-19));
#2561=CARTESIAN_POINT('',(0.0164706904761905,0.00240379536238853,-0.00138783189955179));
#2562=CARTESIAN_POINT('',(0.0163950952380953,0.00120189768119427,-0.00208174784932769));
#2563=CARTESIAN_POINT('',(0.0163195,7.34369593592313E-19,-0.00277566379910358));
#2564=CARTESIAN_POINT('',(0.0162439047619048,-0.00120189768119426,-0.00208174784932769));
#2565=CARTESIAN_POINT('',(0.0161683095238095,-0.00240379536238853,-0.00138783189955179));
#2566=CARTESIAN_POINT('',(0.0160927142857143,-0.00240379536238853,0.));
#2567=CARTESIAN_POINT('',(0.016017119047619,-0.00240379536238853,0.00138783189955179));
#2568=CARTESIAN_POINT('',(0.0159415238095238,-0.00120189768119426,0.00208174784932769));
#2569=CARTESIAN_POINT('',(0.0158659285714286,-3.94448814884174E-19,0.00277566379910358));
#2570=CARTESIAN_POINT('',(0.0157903333333334,0.00120189768119426,0.00208174784932769));
#2571=CARTESIAN_POINT('',(0.0157147380952381,0.00240379536238853,0.00138783189955179));
#2572=CARTESIAN_POINT('',(0.0156391428571428,0.00240379536238853,6.83205388364721E-19));
#2573=CARTESIAN_POINT('',(0.0155635476190476,0.00240379536238853,-0.00138783189955179));
#2574=CARTESIAN_POINT('',(0.0154879523809524,0.00120189768119427,-0.00208174784932769));
#2575=CARTESIAN_POINT('',(0.0154123571428571,7.34369593592313E-19,-0.00277566379910358));
#2576=CARTESIAN_POINT('',(0.0153367619047619,-0.00120189768119426,-0.00208174784932769));
#2577=CARTESIAN_POINT('',(0.0152611666666667,-0.00240379536238853,-0.00138783189955179));
#2578=CARTESIAN_POINT('',(0.0151855714285715,-0.00240379536238853,0.));
#2579=CARTESIAN_POINT('',(0.0151099761904762,-0.00240379536238853,0.00138783189955179));
#2580=CARTESIAN_POINT('',(0.015034380952381,-0.00120189768119426,0.00208174784932769));
#2581=CARTESIAN_POINT('',(0.0149587857142857,-3.94448814884174E-19,0.00277566379910358));
#2582=CARTESIAN_POINT('',(0.0148831904761905,0.00120189768119426,0.00208174784932769));
#2583=CARTESIAN_POINT('',(0.0148075952380952,0.00240379536238853,0.00138783189955179));
#2584=CARTESIAN_POINT('',(0.014732,0.00240379536238853,6.83205388364721E-19));
#2585=CARTESIAN_POINT('',(0.0146564047619048,0.00240379536238853,-0.00138783189955179));
#2586=CARTESIAN_POINT('',(0.0145808095238095,0.00120189768119427,-0.00208174784932769));
#2587=CARTESIAN_POINT('',(0.0145052142857143,7.34369593592313E-19,-0.00277566379910358));
#2588=CARTESIAN_POINT('',(0.014429619047619,-0.00120189768119426,-0.00208174784932769));
#2589=CARTESIAN_POINT('',(0.0143540238095238,-0.00240379536238853,-0.00138783189955179));
#2590=CARTESIAN_POINT('',(0.0142784285714286,-0.00240379536238853,0.));
#2591=CARTESIAN_POINT('',(0.0142028333333333,-0.00240379536238853,0.00138783189955179));
#2592=CARTESIAN_POINT('',(0.0141272380952381,-0.00120189768119426,0.00208174784932769));
#2593=CARTESIAN_POINT('',(0.0140516428571428,-3.94448814884174E-19,0.00277566379910358));
#2594=CARTESIAN_POINT('',(0.0139760476190476,0.00120189768119426,0.00208174784932769));
#2595=CARTESIAN_POINT('',(0.0139004523809524,0.00240379536238853,0.00138783189955179));
#2596=CARTESIAN_POINT('',(0.0138248571428571,0.00240379536238853,6.83205388364721E-19));
#2597=CARTESIAN_POINT('',(0.0137492619047619,0.00240379536238853,-0.00138783189955179));
#2598=CARTESIAN_POINT('',(0.0136736666666667,0.00120189768119427,-0.00208174784932769));
#2599=CARTESIAN_POINT('',(0.0135980714285714,7.34369593592313E-19,-0.00277566379910358));
#2600=CARTESIAN_POINT('',(0.0135224761904762,-0.00120189768119426,-0.00208174784932769));
#2601=CARTESIAN_POINT('',(0.013446880952381,-0.00240379536238853,-0.00138783189955179));
#2602=CARTESIAN_POINT('',(0.0133712857142857,-0.00240379536238853,0.));
#2603=CARTESIAN_POINT('',(0.0132956904761905,-0.00240379536238853,0.00138783189955179));
#2604=CARTESIAN_POINT('',(0.0132200952380952,-0.00120189768119426,0.00208174784932769));
#2605=CARTESIAN_POINT('',(0.0131445,-3.94448814884174E-19,0.00277566379910358));
#2606=CARTESIAN_POINT('',(0.0130689047619048,0.00120189768119426,0.00208174784932769));
#2607=CARTESIAN_POINT('',(0.0129933095238095,0.00240379536238853,0.00138783189955179));
#2608=CARTESIAN_POINT('',(0.0129177142857143,0.00240379536238853,6.83205388364721E-19));
#2609=CARTESIAN_POINT('',(0.012842119047619,0.00240379536238853,-0.00138783189955179));
#2610=CARTESIAN_POINT('',(0.0127665238095238,0.00120189768119427,-0.00208174784932769));
#2611=CARTESIAN_POINT('',(0.0126909285714286,7.34369593592313E-19,-0.00277566379910358));
#2612=CARTESIAN_POINT('',(0.0126153333333333,-0.00120189768119426,-0.00208174784932769));
#2613=CARTESIAN_POINT('',(0.0125397380952381,-0.00240379536238853,-0.00138783189955179));
#2614=CARTESIAN_POINT('',(0.0124641428571429,-0.00240379536238853,0.));
#2615=CARTESIAN_POINT('',(0.0123885476190476,-0.00240379536238853,0.00138783189955179));
#2616=CARTESIAN_POINT('',(0.0123129523809524,-0.00120189768119426,0.00208174784932769));
#2617=CARTESIAN_POINT('',(0.0122373571428571,-3.94448814884174E-19,0.00277566379910358));
#2618=CARTESIAN_POINT('',(0.0121617619047619,0.00120189768119426,0.00208174784932769));
#2619=CARTESIAN_POINT('',(0.0120861666666667,0.00240379536238853,0.00138783189955179));
#2620=CARTESIAN_POINT('',(0.0120105714285714,0.00240379536238853,6.83205388364721E-19));
#2621=CARTESIAN_POINT('',(0.0119349761904762,0.00240379536238853,-0.00138783189955179));
#2622=CARTESIAN_POINT('',(0.011859380952381,0.00120189768119427,-0.00208174784932769));
#2623=CARTESIAN_POINT('',(0.0117837857142857,7.34369593592313E-19,-0.00277566379910358));
#2624=CARTESIAN_POINT('',(0.0117081904761905,-0.00120189768119426,-0.00208174784932769));
#2625=CARTESIAN_POINT('',(0.0116325952380952,-0.00240379536238853,-0.00138783189955179));
#2626=CARTESIAN_POINT('',(0.011557,-0.00240379536238853,0.));
#2627=CARTESIAN_POINT('',(0.0114814047619048,-0.00240379536238853,0.00138783189955179));
#2628=CARTESIAN_POINT('',(0.0114058095238095,-0.00120189768119426,0.00208174784932769));
#2629=CARTESIAN_POINT('',(0.0113302142857143,-3.94448814884174E-19,0.00277566379910358));
#2630=CARTESIAN_POINT('',(0.011254619047619,0.00120189768119426,0.00208174784932769));
#2631=CARTESIAN_POINT('',(0.0111790238095238,0.00240379536238853,0.00138783189955179));
#2632=CARTESIAN_POINT('',(0.0111034285714286,0.00240379536238853,6.83205388364721E-19));
#2633=CARTESIAN_POINT('',(0.0110278333333333,0.00240379536238853,-0.00138783189955179));
#2634=CARTESIAN_POINT('',(0.0109522380952381,0.00120189768119427,-0.00208174784932769));
#2635=CARTESIAN_POINT('',(0.0108766428571429,7.34369593592313E-19,-0.00277566379910358));
#2636=CARTESIAN_POINT('',(0.0108010476190476,-0.00120189768119426,-0.00208174784932769));
#2637=CARTESIAN_POINT('',(0.0107254523809524,-0.00240379536238853,-0.00138783189955179));
#2638=CARTESIAN_POINT('',(0.0106498571428571,-0.00240379536238853,0.));
#2639=CARTESIAN_POINT('',(0.0105742619047619,-0.00240379536238853,0.00138783189955179));
#2640=CARTESIAN_POINT('',(0.0104986666666667,-0.00120189768119426,0.00208174784932769));
#2641=CARTESIAN_POINT('',(0.0104230714285714,-3.94448814884174E-19,0.00277566379910358));
#2642=CARTESIAN_POINT('',(0.0103474761904762,0.00120189768119426,0.00208174784932769));
#2643=CARTESIAN_POINT('',(0.010271880952381,0.00240379536238853,0.00138783189955179));
#2644=CARTESIAN_POINT('',(0.0101962857142857,0.00240379536238853,6.83205388364721E-19));
#2645=CARTESIAN_POINT('',(0.0101206904761905,0.00240379536238853,-0.00138783189955179));
#2646=CARTESIAN_POINT('',(0.0100450952380952,0.00120189768119427,-0.00208174784932769));
#2647=CARTESIAN_POINT('',(0.0099695,7.34369593592313E-19,-0.00277566379910358));
#2648=CARTESIAN_POINT('',(0.00989390476190476,-0.00120189768119426,-0.00208174784932769));
#2649=CARTESIAN_POINT('',(0.00981830952380952,-0.00240379536238853,-0.00138783189955179));
#2650=CARTESIAN_POINT('',(0.00974271428571429,-0.00240379536238853,0.));
#2651=CARTESIAN_POINT('',(0.00966711904761905,-0.00240379536238853,0.00138783189955179));
#2652=CARTESIAN_POINT('',(0.00959152380952381,-0.00120189768119426,0.00208174784932769));
#2653=CARTESIAN_POINT('',(0.00951592857142856,-3.94448814884174E-19,0.00277566379910358));
#2654=CARTESIAN_POINT('',(0.00944033333333334,0.00120189768119426,0.00208174784932769));
#2655=CARTESIAN_POINT('',(0.0093647380952381,0.00240379536238853,0.00138783189955179));
#2656=CARTESIAN_POINT('',(0.00928914285714286,0.00240379536238853,6.83205388364721E-19));
#2657=CARTESIAN_POINT('',(0.00921354761904762,0.00240379536238853,-0.00138783189955179));
#2658=CARTESIAN_POINT('',(0.00913795238095238,0.00120189768119427,-0.00208174784932769));
#2659=CARTESIAN_POINT('',(0.00906235714285714,7.34369593592313E-19,-0.00277566379910358));
#2660=CARTESIAN_POINT('',(0.0089867619047619,-0.00120189768119426,-0.00208174784932769));
#2661=CARTESIAN_POINT('',(0.00891116666666666,-0.00240379536238853,-0.00138783189955179));
#2662=CARTESIAN_POINT('',(0.00883557142857143,-0.00240379536238853,0.));
#2663=CARTESIAN_POINT('',(0.00875997619047618,-0.00240379536238853,0.00138783189955179));
#2664=CARTESIAN_POINT('',(0.00868438095238095,-0.00120189768119426,0.00208174784932769));
#2665=CARTESIAN_POINT('',(0.00860878571428571,-3.94448814884174E-19,0.00277566379910358));
#2666=CARTESIAN_POINT('',(0.00853319047619048,0.00120189768119426,0.00208174784932769));
#2667=CARTESIAN_POINT('',(0.00845759523809524,0.00240379536238853,0.00138783189955179));
#2668=CARTESIAN_POINT('',(0.008382,0.00240379536238853,6.83205388364721E-19));
#2669=CARTESIAN_POINT('',(0.00830640476190476,0.00240379536238853,-0.00138783189955179));
#2670=CARTESIAN_POINT('',(0.00823080952380952,0.00120189768119427,-0.00208174784932769));
#2671=CARTESIAN_POINT('',(0.00815521428571429,7.34369593592313E-19,-0.00277566379910358));
#2672=CARTESIAN_POINT('',(0.00807961904761905,-0.00120189768119426,-0.00208174784932769));
#2673=CARTESIAN_POINT('',(0.00800402380952381,-0.00240379536238853,-0.00138783189955179));
#2674=CARTESIAN_POINT('',(0.00792842857142857,-0.00240379536238853,0.));
#2675=CARTESIAN_POINT('',(0.00785283333333333,-0.00240379536238853,0.00138783189955179));
#2676=CARTESIAN_POINT('',(0.00777723809523809,-0.00120189768119426,0.00208174784932769));
#2677=CARTESIAN_POINT('',(0.00770164285714285,-3.94448814884174E-19,0.00277566379910358));
#2678=CARTESIAN_POINT('',(0.00762604761904762,0.00120189768119426,0.00208174784932769));
#2679=CARTESIAN_POINT('',(0.00755045238095238,0.00240379536238853,0.00138783189955179));
#2680=CARTESIAN_POINT('',(0.00747485714285714,0.00240379536238853,6.83205388364721E-19));
#2681=CARTESIAN_POINT('',(0.0073992619047619,0.00240379536238853,-0.00138783189955179));
#2682=CARTESIAN_POINT('',(0.00732366666666667,0.00120189768119427,-0.00208174784932769));
#2683=CARTESIAN_POINT('',(0.00724807142857143,7.34369593592313E-19,-0.00277566379910358));
#2684=CARTESIAN_POINT('',(0.00717247619047619,-0.00120189768119426,-0.00208174784932769));
#2685=CARTESIAN_POINT('',(0.00709688095238095,-0.00240379536238853,-0.00138783189955179));
#2686=CARTESIAN_POINT('',(0.00702128571428572,-0.00240379536238853,0.));
#2687=CARTESIAN_POINT('',(0.00694569047619048,-0.00240379536238853,0.00138783189955179));
#2688=CARTESIAN_POINT('',(0.00687009523809524,-0.00120189768119426,0.00208174784932769));
#2689=CARTESIAN_POINT('',(0.0067945,-3.94448814884174E-19,0.00277566379910358));
#2690=CARTESIAN_POINT('',(0.00671890476190476,0.00120189768119426,0.00208174784932769));
#2691=CARTESIAN_POINT('',(0.00664330952380952,0.00240379536238853,0.00138783189955179));
#2692=CARTESIAN_POINT('',(0.00656771428571428,0.00240379536238853,6.83205388364721E-19));
#2693=CARTESIAN_POINT('',(0.00649211904761904,0.00240379536238853,-0.00138783189955179));
#2694=CARTESIAN_POINT('',(0.00641652380952381,0.00120189768119427,-0.00208174784932769));
#2695=CARTESIAN_POINT('',(0.00634092857142857,7.34369593592313E-19,-0.00277566379910358));
#2696=CARTESIAN_POINT('',(0.00626533333333334,-0.00120189768119426,-0.00208174784932769));
#2697=CARTESIAN_POINT('',(0.00618973809523809,-0.00240379536238853,-0.00138783189955179));
#2698=CARTESIAN_POINT('',(0.00611414285714286,-0.00240379536238853,0.));
#2699=CARTESIAN_POINT('',(0.00603854761904762,-0.00240379536238853,0.00138783189955179));
#2700=CARTESIAN_POINT('',(0.00596295238095238,-0.00120189768119426,0.00208174784932769));
#2701=CARTESIAN_POINT('',(0.00588735714285715,-3.94448814884174E-19,0.00277566379910358));
#2702=CARTESIAN_POINT('',(0.0058117619047619,0.00120189768119426,0.00208174784932769));
#2703=CARTESIAN_POINT('',(0.00573616666666667,0.00240379536238853,0.00138783189955179));
#2704=CARTESIAN_POINT('',(0.00566057142857143,0.00240379536238853,6.83205388364721E-19));
#2705=CARTESIAN_POINT('',(0.00558497619047619,0.00240379536238853,-0.00138783189955179));
#2706=CARTESIAN_POINT('',(0.00550938095238095,0.00120189768119427,-0.00208174784932769));
#2707=CARTESIAN_POINT('',(0.00543378571428571,7.34369593592313E-19,-0.00277566379910358));
#2708=CARTESIAN_POINT('',(0.00535819047619048,-0.00120189768119426,-0.00208174784932769));
#2709=CARTESIAN_POINT('',(0.00528259523809524,-0.00240379536238853,-0.00138783189955179));
#2710=CARTESIAN_POINT('',(0.005207,-0.00240379536238853,0.));
#2711=CARTESIAN_POINT('',(0.0298451438035662,0.00188242516465685,0.00255677541044704));
#2712=CARTESIAN_POINT('',(0.0297751225038555,0.003175,0.00160511755762581));
#2713=CARTESIAN_POINT('',(0.0297089285714286,0.003175,7.7765071745857E-19));
#2714=CARTESIAN_POINT('',(0.0296333333333333,0.003175,-0.00183308710467706));
#2715=CARTESIAN_POINT('',(0.0295577380952381,0.0015875,-0.0027496306570156));
#2716=CARTESIAN_POINT('',(0.0294821428571429,8.97953702120422E-19,-0.00366617420935412));
#2717=CARTESIAN_POINT('',(0.0294065476190476,-0.0015875,-0.0027496306570156));
#2718=CARTESIAN_POINT('',(0.0293309523809524,-0.003175,-0.00183308710467706));
#2719=CARTESIAN_POINT('',(0.0292553571428571,-0.003175,0.));
#2720=CARTESIAN_POINT('',(0.0291797619047619,-0.003175,0.00183308710467706));
#2721=CARTESIAN_POINT('',(0.0291041666666666,-0.0015875,0.0027496306570156));
#2722=CARTESIAN_POINT('',(0.0290285714285714,-4.48976851060211E-19,0.00366617420935412));
#2723=CARTESIAN_POINT('',(0.0289529761904762,0.0015875,0.0027496306570156));
#2724=CARTESIAN_POINT('',(0.028877380952381,0.003175,0.00183308710467706));
#2725=CARTESIAN_POINT('',(0.0288017857142857,0.003175,7.7765071745857E-19));
#2726=CARTESIAN_POINT('',(0.0287261904761905,0.003175,-0.00183308710467706));
#2727=CARTESIAN_POINT('',(0.0286505952380952,0.0015875,-0.0027496306570156));
#2728=CARTESIAN_POINT('',(0.028575,8.97953702120422E-19,-0.00366617420935412));
#2729=CARTESIAN_POINT('',(0.0284994047619048,-0.0015875,-0.0027496306570156));
#2730=CARTESIAN_POINT('',(0.0284238095238095,-0.003175,-0.00183308710467706));
#2731=CARTESIAN_POINT('',(0.0283482142857143,-0.003175,0.));
#2732=CARTESIAN_POINT('',(0.028272619047619,-0.003175,0.00183308710467706));
#2733=CARTESIAN_POINT('',(0.0281970238095238,-0.0015875,0.0027496306570156));
#2734=CARTESIAN_POINT('',(0.0281214285714286,-4.48976851060211E-19,0.00366617420935412));
#2735=CARTESIAN_POINT('',(0.0280458333333333,0.0015875,0.0027496306570156));
#2736=CARTESIAN_POINT('',(0.0279702380952381,0.003175,0.00183308710467706));
#2737=CARTESIAN_POINT('',(0.0278946428571429,0.003175,7.7765071745857E-19));
#2738=CARTESIAN_POINT('',(0.0278190476190476,0.003175,-0.00183308710467706));
#2739=CARTESIAN_POINT('',(0.0277434523809524,0.0015875,-0.0027496306570156));
#2740=CARTESIAN_POINT('',(0.0276678571428572,8.97953702120422E-19,-0.00366617420935412));
#2741=CARTESIAN_POINT('',(0.0275922619047619,-0.0015875,-0.0027496306570156));
#2742=CARTESIAN_POINT('',(0.0275166666666667,-0.003175,-0.00183308710467706));
#2743=CARTESIAN_POINT('',(0.0274410714285715,-0.003175,0.));
#2744=CARTESIAN_POINT('',(0.0273654761904762,-0.003175,0.00183308710467706));
#2745=CARTESIAN_POINT('',(0.027289880952381,-0.0015875,0.0027496306570156));
#2746=CARTESIAN_POINT('',(0.0272142857142857,-4.48976851060211E-19,0.00366617420935412));
#2747=CARTESIAN_POINT('',(0.0271386904761905,0.0015875,0.0027496306570156));
#2748=CARTESIAN_POINT('',(0.0270630952380952,0.003175,0.00183308710467706));
#2749=CARTESIAN_POINT('',(0.0269875,0.003175,7.7765071745857E-19));
#2750=CARTESIAN_POINT('',(0.0269119047619048,0.003175,-0.00183308710467706));
#2751=CARTESIAN_POINT('',(0.0268363095238096,0.0015875,-0.0027496306570156));
#2752=CARTESIAN_POINT('',(0.0267607142857143,8.97953702120422E-19,-0.00366617420935412));
#2753=CARTESIAN_POINT('',(0.0266851190476191,-0.0015875,-0.0027496306570156));
#2754=CARTESIAN_POINT('',(0.0266095238095238,-0.003175,-0.00183308710467706));
#2755=CARTESIAN_POINT('',(0.0265339285714286,-0.003175,0.));
#2756=CARTESIAN_POINT('',(0.0264583333333334,-0.003175,0.00183308710467706));
#2757=CARTESIAN_POINT('',(0.0263827380952381,-0.0015875,0.0027496306570156));
#2758=CARTESIAN_POINT('',(0.0263071428571428,-4.48976851060211E-19,0.00366617420935412));
#2759=CARTESIAN_POINT('',(0.0262315476190476,0.0015875,0.0027496306570156));
#2760=CARTESIAN_POINT('',(0.0261559523809524,0.003175,0.00183308710467706));
#2761=CARTESIAN_POINT('',(0.0260803571428571,0.003175,7.7765071745857E-19));
#2762=CARTESIAN_POINT('',(0.0260047619047619,0.003175,-0.00183308710467706));
#2763=CARTESIAN_POINT('',(0.0259291666666667,0.0015875,-0.0027496306570156));
#2764=CARTESIAN_POINT('',(0.0258535714285714,8.97953702120422E-19,-0.00366617420935412));
#2765=CARTESIAN_POINT('',(0.0257779761904762,-0.0015875,-0.0027496306570156));
#2766=CARTESIAN_POINT('',(0.025702380952381,-0.003175,-0.00183308710467706));
#2767=CARTESIAN_POINT('',(0.0256267857142857,-0.003175,0.));
#2768=CARTESIAN_POINT('',(0.0255511904761905,-0.003175,0.00183308710467706));
#2769=CARTESIAN_POINT('',(0.0254755952380952,-0.0015875,0.0027496306570156));
#2770=CARTESIAN_POINT('',(0.0254,-4.48976851060211E-19,0.00366617420935412));
#2771=CARTESIAN_POINT('',(0.0253244047619047,0.0015875,0.0027496306570156));
#2772=CARTESIAN_POINT('',(0.0252488095238095,0.003175,0.00183308710467706));
#2773=CARTESIAN_POINT('',(0.0251732142857143,0.003175,7.7765071745857E-19));
#2774=CARTESIAN_POINT('',(0.025097619047619,0.003175,-0.00183308710467706));
#2775=CARTESIAN_POINT('',(0.0250220238095238,0.0015875,-0.0027496306570156));
#2776=CARTESIAN_POINT('',(0.0249464285714286,8.97953702120422E-19,-0.00366617420935412));
#2777=CARTESIAN_POINT('',(0.0248708333333333,-0.0015875,-0.0027496306570156));
#2778=CARTESIAN_POINT('',(0.0247952380952381,-0.003175,-0.00183308710467706));
#2779=CARTESIAN_POINT('',(0.0247196428571428,-0.003175,0.));
#2780=CARTESIAN_POINT('',(0.0246440476190476,-0.003175,0.00183308710467706));
#2781=CARTESIAN_POINT('',(0.0245684523809524,-0.0015875,0.0027496306570156));
#2782=CARTESIAN_POINT('',(0.0244928571428572,-4.48976851060211E-19,0.00366617420935412));
#2783=CARTESIAN_POINT('',(0.0244172619047619,0.0015875,0.0027496306570156));
#2784=CARTESIAN_POINT('',(0.0243416666666666,0.003175,0.00183308710467706));
#2785=CARTESIAN_POINT('',(0.0242660714285714,0.003175,7.7765071745857E-19));
#2786=CARTESIAN_POINT('',(0.0241904761904762,0.003175,-0.00183308710467706));
#2787=CARTESIAN_POINT('',(0.024114880952381,0.0015875,-0.0027496306570156));
#2788=CARTESIAN_POINT('',(0.0240392857142857,8.97953702120422E-19,-0.00366617420935412));
#2789=CARTESIAN_POINT('',(0.0239636904761905,-0.0015875,-0.0027496306570156));
#2790=CARTESIAN_POINT('',(0.0238880952380952,-0.003175,-0.00183308710467706));
#2791=CARTESIAN_POINT('',(0.0238125,-0.003175,0.));
#2792=CARTESIAN_POINT('',(0.0237369047619048,-0.003175,0.00183308710467706));
#2793=CARTESIAN_POINT('',(0.0236613095238096,-0.0015875,0.0027496306570156));
#2794=CARTESIAN_POINT('',(0.0235857142857143,-4.48976851060211E-19,0.00366617420935412));
#2795=CARTESIAN_POINT('',(0.0235101190476191,0.0015875,0.0027496306570156));
#2796=CARTESIAN_POINT('',(0.0234345238095238,0.003175,0.00183308710467706));
#2797=CARTESIAN_POINT('',(0.0233589285714286,0.003175,7.7765071745857E-19));
#2798=CARTESIAN_POINT('',(0.0232833333333334,0.003175,-0.00183308710467706));
#2799=CARTESIAN_POINT('',(0.0232077380952381,0.0015875,-0.0027496306570156));
#2800=CARTESIAN_POINT('',(0.0231321428571428,8.97953702120422E-19,-0.00366617420935412));
#2801=CARTESIAN_POINT('',(0.0230565476190476,-0.0015875,-0.0027496306570156));
#2802=CARTESIAN_POINT('',(0.0229809523809524,-0.003175,-0.00183308710467706));
#2803=CARTESIAN_POINT('',(0.0229053571428571,-0.003175,0.));
#2804=CARTESIAN_POINT('',(0.0228297619047619,-0.003175,0.00183308710467706));
#2805=CARTESIAN_POINT('',(0.0227541666666667,-0.0015875,0.0027496306570156));
#2806=CARTESIAN_POINT('',(0.0226785714285714,-4.48976851060211E-19,0.00366617420935412));
#2807=CARTESIAN_POINT('',(0.0226029761904762,0.0015875,0.0027496306570156));
#2808=CARTESIAN_POINT('',(0.022527380952381,0.003175,0.00183308710467706));
#2809=CARTESIAN_POINT('',(0.0224517857142857,0.003175,7.7765071745857E-19));
#2810=CARTESIAN_POINT('',(0.0223761904761904,0.003175,-0.00183308710467706));
#2811=CARTESIAN_POINT('',(0.0223005952380952,0.0015875,-0.0027496306570156));
#2812=CARTESIAN_POINT('',(0.022225,8.97953702120422E-19,-0.00366617420935412));
#2813=CARTESIAN_POINT('',(0.0221494047619047,-0.0015875,-0.0027496306570156));
#2814=CARTESIAN_POINT('',(0.0220738095238095,-0.003175,-0.00183308710467706));
#2815=CARTESIAN_POINT('',(0.0219982142857143,-0.003175,0.));
#2816=CARTESIAN_POINT('',(0.021922619047619,-0.003175,0.00183308710467706));
#2817=CARTESIAN_POINT('',(0.0218470238095238,-0.0015875,0.0027496306570156));
#2818=CARTESIAN_POINT('',(0.0217714285714286,-4.48976851060211E-19,0.00366617420935412));
#2819=CARTESIAN_POINT('',(0.0216958333333334,0.0015875,0.0027496306570156));
#2820=CARTESIAN_POINT('',(0.0216202380952381,0.003175,0.00183308710467706));
#2821=CARTESIAN_POINT('',(0.0215446428571428,0.003175,7.7765071745857E-19));
#2822=CARTESIAN_POINT('',(0.0214690476190476,0.003175,-0.00183308710467706));
#2823=CARTESIAN_POINT('',(0.0213934523809524,0.0015875,-0.0027496306570156));
#2824=CARTESIAN_POINT('',(0.0213178571428572,8.97953702120422E-19,-0.00366617420935412));
#2825=CARTESIAN_POINT('',(0.0212422619047619,-0.0015875,-0.0027496306570156));
#2826=CARTESIAN_POINT('',(0.0211666666666666,-0.003175,-0.00183308710467706));
#2827=CARTESIAN_POINT('',(0.0210910714285714,-0.003175,0.));
#2828=CARTESIAN_POINT('',(0.0210154761904762,-0.003175,0.00183308710467706));
#2829=CARTESIAN_POINT('',(0.0209398809523809,-0.0015875,0.0027496306570156));
#2830=CARTESIAN_POINT('',(0.0208642857142857,-4.48976851060211E-19,0.00366617420935412));
#2831=CARTESIAN_POINT('',(0.0207886904761905,0.0015875,0.0027496306570156));
#2832=CARTESIAN_POINT('',(0.0207130952380952,0.003175,0.00183308710467706));
#2833=CARTESIAN_POINT('',(0.0206375,0.003175,7.7765071745857E-19));
#2834=CARTESIAN_POINT('',(0.0205619047619048,0.003175,-0.00183308710467706));
#2835=CARTESIAN_POINT('',(0.0204863095238095,0.0015875,-0.0027496306570156));
#2836=CARTESIAN_POINT('',(0.0204107142857143,8.97953702120422E-19,-0.00366617420935412));
#2837=CARTESIAN_POINT('',(0.020335119047619,-0.0015875,-0.0027496306570156));
#2838=CARTESIAN_POINT('',(0.0202595238095238,-0.003175,-0.00183308710467706));
#2839=CARTESIAN_POINT('',(0.0201839285714286,-0.003175,0.));
#2840=CARTESIAN_POINT('',(0.0201083333333333,-0.003175,0.00183308710467706));
#2841=CARTESIAN_POINT('',(0.0200327380952381,-0.0015875,0.0027496306570156));
#2842=CARTESIAN_POINT('',(0.0199571428571428,-4.48976851060211E-19,0.00366617420935412));
#2843=CARTESIAN_POINT('',(0.0198815476190476,0.0015875,0.0027496306570156));
#2844=CARTESIAN_POINT('',(0.0198059523809524,0.003175,0.00183308710467706));
#2845=CARTESIAN_POINT('',(0.0197303571428572,0.003175,7.7765071745857E-19));
#2846=CARTESIAN_POINT('',(0.0196547619047619,0.003175,-0.00183308710467706));
#2847=CARTESIAN_POINT('',(0.0195791666666667,0.0015875,-0.0027496306570156));
#2848=CARTESIAN_POINT('',(0.0195035714285714,8.97953702120422E-19,-0.00366617420935412));
#2849=CARTESIAN_POINT('',(0.0194279761904762,-0.0015875,-0.0027496306570156));
#2850=CARTESIAN_POINT('',(0.019352380952381,-0.003175,-0.00183308710467706));
#2851=CARTESIAN_POINT('',(0.0192767857142857,-0.003175,0.));
#2852=CARTESIAN_POINT('',(0.0192011904761905,-0.003175,0.00183308710467706));
#2853=CARTESIAN_POINT('',(0.0191255952380953,-0.0015875,0.0027496306570156));
#2854=CARTESIAN_POINT('',(0.01905,-4.48976851060211E-19,0.00366617420935412));
#2855=CARTESIAN_POINT('',(0.0189744047619048,0.0015875,0.0027496306570156));
#2856=CARTESIAN_POINT('',(0.0188988095238095,0.003175,0.00183308710467706));
#2857=CARTESIAN_POINT('',(0.0188232142857143,0.003175,7.7765071745857E-19));
#2858=CARTESIAN_POINT('',(0.018747619047619,0.003175,-0.00183308710467706));
#2859=CARTESIAN_POINT('',(0.0186720238095238,0.0015875,-0.0027496306570156));
#2860=CARTESIAN_POINT('',(0.0185964285714286,8.97953702120422E-19,-0.00366617420935412));
#2861=CARTESIAN_POINT('',(0.0185208333333334,-0.0015875,-0.0027496306570156));
#2862=CARTESIAN_POINT('',(0.0184452380952381,-0.003175,-0.00183308710467706));
#2863=CARTESIAN_POINT('',(0.0183696428571428,-0.003175,0.));
#2864=CARTESIAN_POINT('',(0.0182940476190476,-0.003175,0.00183308710467706));
#2865=CARTESIAN_POINT('',(0.0182184523809524,-0.0015875,0.0027496306570156));
#2866=CARTESIAN_POINT('',(0.0181428571428571,-4.48976851060211E-19,0.00366617420935412));
#2867=CARTESIAN_POINT('',(0.0180672619047619,0.0015875,0.0027496306570156));
#2868=CARTESIAN_POINT('',(0.0179916666666667,0.003175,0.00183308710467706));
#2869=CARTESIAN_POINT('',(0.0179160714285714,0.003175,7.7765071745857E-19));
#2870=CARTESIAN_POINT('',(0.0178404761904762,0.003175,-0.00183308710467706));
#2871=CARTESIAN_POINT('',(0.0177648809523809,0.0015875,-0.0027496306570156));
#2872=CARTESIAN_POINT('',(0.0176892857142857,8.97953702120422E-19,-0.00366617420935412));
#2873=CARTESIAN_POINT('',(0.0176136904761905,-0.0015875,-0.0027496306570156));
#2874=CARTESIAN_POINT('',(0.0175380952380952,-0.003175,-0.00183308710467706));
#2875=CARTESIAN_POINT('',(0.0174625,-0.003175,0.));
#2876=CARTESIAN_POINT('',(0.0173869047619048,-0.003175,0.00183308710467706));
#2877=CARTESIAN_POINT('',(0.0173113095238095,-0.0015875,0.0027496306570156));
#2878=CARTESIAN_POINT('',(0.0172357142857143,-4.48976851060211E-19,0.00366617420935412));
#2879=CARTESIAN_POINT('',(0.0171601190476191,0.0015875,0.0027496306570156));
#2880=CARTESIAN_POINT('',(0.0170845238095238,0.003175,0.00183308710467706));
#2881=CARTESIAN_POINT('',(0.0170089285714286,0.003175,7.7765071745857E-19));
#2882=CARTESIAN_POINT('',(0.0169333333333333,0.003175,-0.00183308710467706));
#2883=CARTESIAN_POINT('',(0.0168577380952381,0.0015875,-0.0027496306570156));
#2884=CARTESIAN_POINT('',(0.0167821428571429,8.97953702120422E-19,-0.00366617420935412));
#2885=CARTESIAN_POINT('',(0.0167065476190476,-0.0015875,-0.0027496306570156));
#2886=CARTESIAN_POINT('',(0.0166309523809524,-0.003175,-0.00183308710467706));
#2887=CARTESIAN_POINT('',(0.0165553571428571,-0.003175,0.));
#2888=CARTESIAN_POINT('',(0.0164797619047619,-0.003175,0.00183308710467706));
#2889=CARTESIAN_POINT('',(0.0164041666666667,-0.0015875,0.0027496306570156));
#2890=CARTESIAN_POINT('',(0.0163285714285714,-4.48976851060211E-19,0.00366617420935412));
#2891=CARTESIAN_POINT('',(0.0162529761904762,0.0015875,0.0027496306570156));
#2892=CARTESIAN_POINT('',(0.0161773809523809,0.003175,0.00183308710467706));
#2893=CARTESIAN_POINT('',(0.0161017857142857,0.003175,7.7765071745857E-19));
#2894=CARTESIAN_POINT('',(0.0160261904761905,0.003175,-0.00183308710467706));
#2895=CARTESIAN_POINT('',(0.0159505952380952,0.0015875,-0.0027496306570156));
#2896=CARTESIAN_POINT('',(0.015875,8.97953702120422E-19,-0.00366617420935412));
#2897=CARTESIAN_POINT('',(0.0157994047619048,-0.0015875,-0.0027496306570156));
#2898=CARTESIAN_POINT('',(0.0157238095238095,-0.003175,-0.00183308710467706));
#2899=CARTESIAN_POINT('',(0.0156482142857143,-0.003175,0.));
#2900=CARTESIAN_POINT('',(0.015572619047619,-0.003175,0.00183308710467706));
#2901=CARTESIAN_POINT('',(0.0154970238095238,-0.0015875,0.0027496306570156));
#2902=CARTESIAN_POINT('',(0.0154214285714286,-4.48976851060211E-19,0.00366617420935412));
#2903=CARTESIAN_POINT('',(0.0153458333333333,0.0015875,0.0027496306570156));
#2904=CARTESIAN_POINT('',(0.0152702380952381,0.003175,0.00183308710467706));
#2905=CARTESIAN_POINT('',(0.0151946428571429,0.003175,7.7765071745857E-19));
#2906=CARTESIAN_POINT('',(0.0151190476190476,0.003175,-0.00183308710467706));
#2907=CARTESIAN_POINT('',(0.0150434523809524,0.0015875,-0.0027496306570156));
#2908=CARTESIAN_POINT('',(0.0149678571428571,8.97953702120422E-19,-0.00366617420935412));
#2909=CARTESIAN_POINT('',(0.0148922619047619,-0.0015875,-0.0027496306570156));
#2910=CARTESIAN_POINT('',(0.0148166666666667,-0.003175,-0.00183308710467706));
#2911=CARTESIAN_POINT('',(0.0147410714285714,-0.003175,0.));
#2912=CARTESIAN_POINT('',(0.0146654761904762,-0.003175,0.00183308710467706));
#2913=CARTESIAN_POINT('',(0.0145898809523809,-0.0015875,0.0027496306570156));
#2914=CARTESIAN_POINT('',(0.0145142857142857,-4.48976851060211E-19,0.00366617420935412));
#2915=CARTESIAN_POINT('',(0.0144386904761905,0.0015875,0.0027496306570156));
#2916=CARTESIAN_POINT('',(0.0143630952380952,0.003175,0.00183308710467706));
#2917=CARTESIAN_POINT('',(0.0142875,0.003175,7.7765071745857E-19));
#2918=CARTESIAN_POINT('',(0.0142119047619048,0.003175,-0.00183308710467706));
#2919=CARTESIAN_POINT('',(0.0141363095238095,0.0015875,-0.0027496306570156));
#2920=CARTESIAN_POINT('',(0.0140607142857143,8.97953702120422E-19,-0.00366617420935412));
#2921=CARTESIAN_POINT('',(0.013985119047619,-0.0015875,-0.0027496306570156));
#2922=CARTESIAN_POINT('',(0.0139095238095238,-0.003175,-0.00183308710467706));
#2923=CARTESIAN_POINT('',(0.0138339285714286,-0.003175,0.));
#2924=CARTESIAN_POINT('',(0.0137583333333333,-0.003175,0.00183308710467706));
#2925=CARTESIAN_POINT('',(0.0136827380952381,-0.0015875,0.0027496306570156));
#2926=CARTESIAN_POINT('',(0.0136071428571429,-4.48976851060211E-19,0.00366617420935412));
#2927=CARTESIAN_POINT('',(0.0135315476190476,0.0015875,0.0027496306570156));
#2928=CARTESIAN_POINT('',(0.0134559523809524,0.003175,0.00183308710467706));
#2929=CARTESIAN_POINT('',(0.0133803571428571,0.003175,7.7765071745857E-19));
#2930=CARTESIAN_POINT('',(0.0133047619047619,0.003175,-0.00183308710467706));
#2931=CARTESIAN_POINT('',(0.0132291666666667,0.0015875,-0.0027496306570156));
#2932=CARTESIAN_POINT('',(0.0131535714285714,8.97953702120422E-19,-0.00366617420935412));
#2933=CARTESIAN_POINT('',(0.0130779761904762,-0.0015875,-0.0027496306570156));
#2934=CARTESIAN_POINT('',(0.0130023809523809,-0.003175,-0.00183308710467706));
#2935=CARTESIAN_POINT('',(0.0129267857142857,-0.003175,0.));
#2936=CARTESIAN_POINT('',(0.0128511904761905,-0.003175,0.00183308710467706));
#2937=CARTESIAN_POINT('',(0.0127755952380952,-0.0015875,0.0027496306570156));
#2938=CARTESIAN_POINT('',(0.0127,-4.48976851060211E-19,0.00366617420935412));
#2939=CARTESIAN_POINT('',(0.0126244047619048,0.0015875,0.0027496306570156));
#2940=CARTESIAN_POINT('',(0.0125488095238095,0.003175,0.00183308710467706));
#2941=CARTESIAN_POINT('',(0.0124732142857143,0.003175,7.7765071745857E-19));
#2942=CARTESIAN_POINT('',(0.012397619047619,0.003175,-0.00183308710467706));
#2943=CARTESIAN_POINT('',(0.0123220238095238,0.0015875,-0.0027496306570156));
#2944=CARTESIAN_POINT('',(0.0122464285714286,8.97953702120422E-19,-0.00366617420935412));
#2945=CARTESIAN_POINT('',(0.0121708333333333,-0.0015875,-0.0027496306570156));
#2946=CARTESIAN_POINT('',(0.0120952380952381,-0.003175,-0.00183308710467706));
#2947=CARTESIAN_POINT('',(0.0120196428571429,-0.003175,0.));
#2948=CARTESIAN_POINT('',(0.0119440476190476,-0.003175,0.00183308710467706));
#2949=CARTESIAN_POINT('',(0.0118684523809524,-0.0015875,0.0027496306570156));
#2950=CARTESIAN_POINT('',(0.0117928571428571,-4.48976851060211E-19,0.00366617420935412));
#2951=CARTESIAN_POINT('',(0.0117172619047619,0.0015875,0.0027496306570156));
#2952=CARTESIAN_POINT('',(0.0116416666666667,0.003175,0.00183308710467706));
#2953=CARTESIAN_POINT('',(0.0115660714285714,0.003175,7.7765071745857E-19));
#2954=CARTESIAN_POINT('',(0.0114904761904762,0.003175,-0.00183308710467706));
#2955=CARTESIAN_POINT('',(0.011414880952381,0.0015875,-0.0027496306570156));
#2956=CARTESIAN_POINT('',(0.0113392857142857,8.97953702120422E-19,-0.00366617420935412));
#2957=CARTESIAN_POINT('',(0.0112636904761905,-0.0015875,-0.0027496306570156));
#2958=CARTESIAN_POINT('',(0.0111880952380952,-0.003175,-0.00183308710467706));
#2959=CARTESIAN_POINT('',(0.0111125,-0.003175,0.));
#2960=CARTESIAN_POINT('',(0.0110369047619048,-0.003175,0.00183308710467706));
#2961=CARTESIAN_POINT('',(0.0109613095238095,-0.0015875,0.0027496306570156));
#2962=CARTESIAN_POINT('',(0.0108857142857143,-4.48976851060211E-19,0.00366617420935412));
#2963=CARTESIAN_POINT('',(0.010810119047619,0.0015875,0.0027496306570156));
#2964=CARTESIAN_POINT('',(0.0107345238095238,0.003175,0.00183308710467706));
#2965=CARTESIAN_POINT('',(0.0106589285714286,0.003175,7.7765071745857E-19));
#2966=CARTESIAN_POINT('',(0.0105833333333333,0.003175,-0.00183308710467706));
#2967=CARTESIAN_POINT('',(0.0105077380952381,0.0015875,-0.0027496306570156));
#2968=CARTESIAN_POINT('',(0.0104321428571429,8.97953702120422E-19,-0.00366617420935412));
#2969=CARTESIAN_POINT('',(0.0103565476190476,-0.0015875,-0.0027496306570156));
#2970=CARTESIAN_POINT('',(0.0102809523809524,-0.003175,-0.00183308710467706));
#2971=CARTESIAN_POINT('',(0.0102053571428571,-0.003175,0.));
#2972=CARTESIAN_POINT('',(0.0101297619047619,-0.003175,0.00183308710467706));
#2973=CARTESIAN_POINT('',(0.0100541666666667,-0.0015875,0.0027496306570156));
#2974=CARTESIAN_POINT('',(0.00997857142857142,-4.48976851060211E-19,0.00366617420935412));
#2975=CARTESIAN_POINT('',(0.00990297619047619,0.0015875,0.0027496306570156));
#2976=CARTESIAN_POINT('',(0.00982738095238096,0.003175,0.00183308710467706));
#2977=CARTESIAN_POINT('',(0.00975178571428571,0.003175,7.7765071745857E-19));
#2978=CARTESIAN_POINT('',(0.00967619047619048,0.003175,-0.00183308710467706));
#2979=CARTESIAN_POINT('',(0.00960059523809524,0.0015875,-0.0027496306570156));
#2980=CARTESIAN_POINT('',(0.009525,8.97953702120422E-19,-0.00366617420935412));
#2981=CARTESIAN_POINT('',(0.00944940476190476,-0.0015875,-0.0027496306570156));
#2982=CARTESIAN_POINT('',(0.00937380952380952,-0.003175,-0.00183308710467706));
#2983=CARTESIAN_POINT('',(0.00929821428571428,-0.003175,0.));
#2984=CARTESIAN_POINT('',(0.00922261904761904,-0.003175,0.00183308710467706));
#2985=CARTESIAN_POINT('',(0.00914702380952381,-0.0015875,0.0027496306570156));
#2986=CARTESIAN_POINT('',(0.00907142857142857,-4.48976851060211E-19,0.00366617420935412));
#2987=CARTESIAN_POINT('',(0.00899583333333334,0.0015875,0.0027496306570156));
#2988=CARTESIAN_POINT('',(0.00892023809523809,0.003175,0.00183308710467706));
#2989=CARTESIAN_POINT('',(0.00884464285714286,0.003175,7.7765071745857E-19));
#2990=CARTESIAN_POINT('',(0.00876904761904761,0.003175,-0.00183308710467706));
#2991=CARTESIAN_POINT('',(0.00869345238095238,0.0015875,-0.0027496306570156));
#2992=CARTESIAN_POINT('',(0.00861785714285715,8.97953702120422E-19,-0.00366617420935412));
#2993=CARTESIAN_POINT('',(0.0085422619047619,-0.0015875,-0.0027496306570156));
#2994=CARTESIAN_POINT('',(0.00846666666666667,-0.003175,-0.00183308710467706));
#2995=CARTESIAN_POINT('',(0.00839107142857143,-0.003175,0.));
#2996=CARTESIAN_POINT('',(0.00831547619047619,-0.003175,0.00183308710467706));
#2997=CARTESIAN_POINT('',(0.00823988095238095,-0.0015875,0.0027496306570156));
#2998=CARTESIAN_POINT('',(0.00816428571428571,-4.48976851060211E-19,0.00366617420935412));
#2999=CARTESIAN_POINT('',(0.00808869047619048,0.0015875,0.0027496306570156));
#3000=CARTESIAN_POINT('',(0.00801309523809523,0.003175,0.00183308710467706));
#3001=CARTESIAN_POINT('',(0.0079375,0.003175,7.7765071745857E-19));
#3002=CARTESIAN_POINT('',(0.00786190476190476,0.003175,-0.00183308710467706));
#3003=CARTESIAN_POINT('',(0.00778630952380952,0.0015875,-0.0027496306570156));
#3004=CARTESIAN_POINT('',(0.00771071428571428,8.97953702120422E-19,-0.00366617420935412));
#3005=CARTESIAN_POINT('',(0.00763511904761905,-0.0015875,-0.0027496306570156));
#3006=CARTESIAN_POINT('',(0.0075595238095238,-0.003175,-0.00183308710467706));
#3007=CARTESIAN_POINT('',(0.00748392857142857,-0.003175,0.));
#3008=CARTESIAN_POINT('',(0.00740833333333333,-0.003175,0.00183308710467706));
#3009=CARTESIAN_POINT('',(0.00733273809523809,-0.0015875,0.0027496306570156));
#3010=CARTESIAN_POINT('',(0.00725714285714286,-4.48976851060211E-19,0.00366617420935412));
#3011=CARTESIAN_POINT('',(0.00718154761904762,0.0015875,0.0027496306570156));
#3012=CARTESIAN_POINT('',(0.00710595238095238,0.003175,0.00183308710467706));
#3013=CARTESIAN_POINT('',(0.00703035714285714,0.003175,7.7765071745857E-19));
#3014=CARTESIAN_POINT('',(0.0069547619047619,0.003175,-0.00183308710467706));
#3015=CARTESIAN_POINT('',(0.00687916666666667,0.0015875,-0.0027496306570156));
#3016=CARTESIAN_POINT('',(0.00680357142857143,8.97953702120422E-19,-0.00366617420935412));
#3017=CARTESIAN_POINT('',(0.00672797619047619,-0.0015875,-0.0027496306570156));
#3018=CARTESIAN_POINT('',(0.00665238095238095,-0.003175,-0.00183308710467706));
#3019=CARTESIAN_POINT('',(0.00657678571428572,-0.003175,0.));
#3020=CARTESIAN_POINT('',(0.00650119047619048,-0.003175,0.00183308710467706));
#3021=CARTESIAN_POINT('',(0.00642559523809524,-0.0015875,0.0027496306570156));
#3022=CARTESIAN_POINT('',(0.00634999999999999,-4.48976851060211E-19,0.00366617420935412));
#3023=CARTESIAN_POINT('',(0.00627440476190476,0.0015875,0.0027496306570156));
#3024=CARTESIAN_POINT('',(0.00619880952380953,0.003175,0.00183308710467706));
#3025=CARTESIAN_POINT('',(0.00612321428571428,0.003175,7.7765071745857E-19));
#3026=CARTESIAN_POINT('',(0.00604761904761905,0.003175,-0.00183308710467706));
#3027=CARTESIAN_POINT('',(0.00597202380952381,0.0015875,-0.0027496306570156));
#3028=CARTESIAN_POINT('',(0.00589642857142857,8.97953702120422E-19,-0.00366617420935412));
#3029=CARTESIAN_POINT('',(0.00582083333333333,-0.0015875,-0.0027496306570156));
#3030=CARTESIAN_POINT('',(0.00574523809523809,-0.003175,-0.00183308710467706));
#3031=CARTESIAN_POINT('',(0.00566964285714286,-0.003175,0.));
#3032=CARTESIAN_POINT('',(0.00559404761904762,-0.003175,0.00183308710467706));
#3033=CARTESIAN_POINT('',(0.00551845238095238,-0.0015875,0.0027496306570156));
#3034=CARTESIAN_POINT('',(0.00544285714285714,-4.48976851060211E-19,0.00366617420935412));
#3035=CARTESIAN_POINT('',(0.0053672619047619,0.0015875,0.0027496306570156));
#3036=CARTESIAN_POINT('',(0.00529166666666667,0.003175,0.00183308710467706));
#3037=CARTESIAN_POINT('',(0.00521607142857143,0.003175,7.7765071745857E-19));
#3038=CARTESIAN_POINT('',(0.00514047619047619,0.003175,-0.00183308710467706));
#3039=CARTESIAN_POINT('',(0.00506488095238095,0.0015875,-0.0027496306570156));
#3040=CARTESIAN_POINT('',(0.00498928571428571,8.97953702120422E-19,-0.00366617420935412));
#3041=CARTESIAN_POINT('',(0.00491369047619047,-0.0015875,-0.0027496306570156));
#3042=CARTESIAN_POINT('',(0.00483809523809524,-0.003175,-0.00183308710467706));
#3043=CARTESIAN_POINT('',(0.0047625,-0.003175,0.));
#3044=CARTESIAN_POINT('',(0.02936875,-0.0022654434357107,-0.00222449792977996));
#3045=CARTESIAN_POINT('',(0.0294267819765268,-0.00185046358653149,-0.00256428779412807));
#3046=CARTESIAN_POINT('',(0.0295286757970852,-0.000862268547298324,-0.00303550771961255));
#3047=CARTESIAN_POINT('',(0.0297332720553786,0.000783829601389917,-0.00285834702445482));
#3048=CARTESIAN_POINT('',(0.0299109001062861,0.00209771236185001,-0.00184560673408814));
#3049=CARTESIAN_POINT('',(0.0300681148176891,0.00241014385976783,-0.000775664342814234));
#3050=CARTESIAN_POINT('',(0.0301399546376114,0.00239174352102113,-0.000240406060435381));
#3051=CARTESIAN_POINT('',(0.00498475,-0.00278939768119427,3.08148791101958E-33));
#3052=CARTESIAN_POINT('',(0.005207,-0.00278939768119427,3.08148791101958E-33));
#3053=CARTESIAN_POINT('',(0.0301625,0.,0.));
#3054=CARTESIAN_POINT('',(0.0301625,0.,0.));
#3055=CARTESIAN_POINT('',(0.0301625,0.,0.00238125));
#3056=CARTESIAN_POINT('',(0.0301625,0.,0.));
#3057=MECHANICAL_DESIGN_GEOMETRIC_PRESENTATION_REPRESENTATION('',(#373),
#3058);
#3058=(
GEOMETRIC_REPRESENTATION_CONTEXT(3)
GLOBAL_UNCERTAINTY_ASSIGNED_CONTEXT((#3059))
GLOBAL_UNIT_ASSIGNED_CONTEXT((#3062,#3061,#3060))
REPRESENTATION_CONTEXT('Part 1','TOP_LEVEL_ASSEMBLY_PART')
);
#3059=UNCERTAINTY_MEASURE_WITH_UNIT(LENGTH_MEASURE(2.E-5),#3062,
'DISTANCE_ACCURACY_VALUE','Maximum Tolerance applied to model');
#3060=(
NAMED_UNIT(*)
SI_UNIT($,.STERADIAN.)
SOLID_ANGLE_UNIT()
);
#3061=(
NAMED_UNIT(*)
PLANE_ANGLE_UNIT()
SI_UNIT($,.RADIAN.)
);
#3062=(
LENGTH_UNIT()
NAMED_UNIT(*)
SI_UNIT($,.METRE.)
);
#3063=PRODUCT_DEFINITION_SHAPE('','',#3064);
#3064=PRODUCT_DEFINITION('','',#3066,#3065);
#3065=PRODUCT_DEFINITION_CONTEXT('',#3072,'design');
#3066=PRODUCT_DEFINITION_FORMATION_WITH_SPECIFIED_SOURCE('','',#3068,
 .NOT_KNOWN.);
#3067=PRODUCT_RELATED_PRODUCT_CATEGORY('','',(#3068));
#3068=PRODUCT('Part 1','Part 1','Part 1',(#3070));
#3069=PRODUCT_CATEGORY('','');
#3070=PRODUCT_CONTEXT('',#3072,'mechanical');
#3071=APPLICATION_PROTOCOL_DEFINITION('international standard',
'ap242_managed_model_based_3d_engineering',2020,#3072);
#3072=APPLICATION_CONTEXT('managed model based 3d engineering');
ENDSEC;
END-ISO-10303-21;
